domain	utterance	intents
reminder	Remind me at 1pm	[IN:CREATE_REMINDER]
reminder	show me all reminders for my upcoming surgery	[IN:GET_REMINDER]
reminder	Set a reminder to buy groceries on the 12th of each month	[IN:CREATE_REMINDER, IN:GET_RECURRING_DATE_TIME]
reminder	Show me all of the girl scout reminders for the next month.	[IN:GET_REMINDER]
reminder	Does my reminder state the time for the movie this weekend?	[IN:GET_REMINDER_DATE_TIME]
reminder	set an alert for 5:25 pm tonight so that I take the lasagna out of the oven	[IN:CREATE_REMINDER]
reminder	would you remind kiya to turn in her science project tomorrow morning	[IN:CREATE_REMINDER]
reminder	Set up a weekly reminder for me to take out the trash at 10PM on Mondays.	[IN:CREATE_REMINDER, IN:GET_RECURRING_DATE_TIME, IN:GET_TODO, IN:GET_RECURRING_DATE_TIME]
reminder	Add a reminder for game on Thursday at 2pm.	[IN:CREATE_REMINDER]
reminder	Set up a monthly reminder to fill out my time card for my job every last Friday of the month.	[IN:CREATE_REMINDER, IN:GET_RECURRING_DATE_TIME, IN:GET_TODO, IN:GET_RECURRING_DATE_TIME]
reminder	Remind Shannon and Ayslyn to leave at 10am; alert them 15 min before.	[IN:CREATE_REMINDER, IN:GET_TODO]
reminder	Remind me to gas the car up.	[IN:CREATE_REMINDER]
reminder	Delete the reminder for my friends 40th bash this Saturday.	[IN:DELETE_REMINDER]
reminder	reminder to send out wedding rsvp by tomorrow	[IN:CREATE_REMINDER]
reminder	Remind me to schedule rabies shot for Jaguar	[IN:CREATE_REMINDER]
reminder	To wash the car, please cancel that reminder.	[IN:DELETE_REMINDER]
reminder	Get this weeks time and place reminders to meet our realtor katie	[IN:GET_REMINDER_DATE_TIME]
reminder	please show me reminders	[IN:GET_REMINDER]
reminder	Remind me to send my weekly check in email Monday at noon.	[IN:CREATE_REMINDER, IN:GET_TODO, IN:GET_RECURRING_DATE_TIME, IN:SEND_MESSAGE]
reminder	Remind me to defrag my computer every Tuesday at 10PM.	[IN:CREATE_REMINDER, IN:GET_RECURRING_DATE_TIME]
reminder	Remind me to get dog food.	[IN:CREATE_REMINDER]
reminder	remind me to go to open house on friday at 3 pm	[IN:CREATE_REMINDER]
reminder	remind me to log my hours on saturday	[IN:CREATE_REMINDER]
reminder	Remove all of Friday's reminders after 12:00 pm EST.	[IN:DELETE_REMINDER]
reminder	remove monday reminders	[IN:DELETE_REMINDER]
reminder	set a reminder for tomorrow at 5 pm	[IN:CREATE_REMINDER]
reminder	Remind me to send of those books I promised to my sister	[IN:CREATE_REMINDER]
reminder	Remove the alert for cooking dinner tonight.	[IN:DELETE_REMINDER]
reminder	Add visit to church in my reminder for Sunday.	[IN:UPDATE_REMINDER_TODO]
reminder	Cancel all reminders for August	[IN:DELETE_REMINDER]
reminder	don't remind me to call into the conference call later today at 3	[IN:DELETE_REMINDER]
reminder	what do i have going on today, any reminders	[IN:GET_REMINDER]
reminder	create a reminder to take out the trash every wednesday	[IN:CREATE_REMINDER, IN:GET_RECURRING_DATE_TIME]
reminder	Please remind me at 8 pm that I need to get out my briefcase for tomorrow	[IN:CREATE_REMINDER, IN:GET_TODO]
reminder	Please delete my weekly reminder for tennis on Mondays.	[IN:DELETE_REMINDER, IN:GET_RECURRING_DATE_TIME, IN:GET_TODO]
reminder	reschedule tonight's reminder for tomorrow at 6:00 pm.	[IN:UPDATE_REMINDER_DATE_TIME]
reminder	Create a reminder to email Daniel about the package we talked about earlier at noon.	[IN:CREATE_REMINDER, IN:SEND_MESSAGE]
reminder	Set reminder in 5 minutes	[IN:CREATE_REMINDER]
reminder	Remind me to visit the doctor this afternoon around, 4pm	[IN:CREATE_REMINDER]
reminder	set up a reminder for Jeannes 50th and an alert 2 weeks prior to order tiffany ring.	[IN:CREATE_REMINDER]
reminder	Set up a reminder for my son to get up in time in the morning.	[IN:CREATE_REMINDER, IN:GET_CONTACT]
reminder	Please delete all reminders that are work related due to it being summer vacation.	[IN:DELETE_REMINDER]
reminder	Remind me of all of my upcoming doctors appointments for the rest of the year	[IN:CREATE_REMINDER]
reminder	when is my reminder to meet Clara for brunch?	[IN:GET_REMINDER_DATE_TIME]
reminder	Remind me to wish stella a happy birthday tomorrow	[IN:CREATE_REMINDER]
reminder	Set a reminder for ten minutes to check dinner.	[IN:CREATE_REMINDER]
reminder	remind me to check on the chicken in 20 mins	[IN:CREATE_REMINDER]
reminder	Remind me to start the chicken at 1:00 p.m.	[IN:CREATE_REMINDER]
reminder	How many Ghost Hunting reminders do I have this week?	[IN:GET_REMINDER]
reminder	do i have any meeting reminders set for monday	[IN:GET_REMINDER]
reminder	I'm having lunch with my father tomorrow. Will you alert me by 10am so I don't forget.	[IN:CREATE_REMINDER, IN:GET_TODO, IN:GET_CONTACT]
reminder	Delete my daughter's reminder for tomorrow	[IN:DELETE_REMINDER, IN:GET_CONTACT]
reminder	please read off this week s reminders	[IN:GET_REMINDER]
reminder	cancel the reminder about meeting with the realtor to sell the house	[IN:DELETE_REMINDER]
reminder	I need to write my blog, remind me bot.	[IN:CREATE_REMINDER]
reminder	Create a reminder about daylight savings time.	[IN:CREATE_REMINDER]
reminder	Remind me to have a party before Christmas day	[IN:CREATE_REMINDER]
reminder	remind me one day before my doctor appointment with Skor	[IN:CREATE_REMINDER, IN:GET_TODO]
reminder	Set a reminder to wash the dishes at 4 pm	[IN:CREATE_REMINDER]
reminder	Set a reminder to go to bed around 9:30 pm on weekdays.	[IN:CREATE_REMINDER]
reminder	Remind me that I have a meeting in the morning.	[IN:CREATE_REMINDER]
reminder	do i have any work reminders this weekend	[IN:GET_REMINDER]
reminder	Remind me to meet with Ashley on Saturday to get to know each other better.	[IN:CREATE_REMINDER, IN:GET_TODO]
reminder	remind me to cook tonight at 6	[IN:CREATE_REMINDER]
reminder	Remind me to check the weather Friday to see if the cookout's still on.	[IN:CREATE_REMINDER, IN:GET_TODO]
reminder	Show reminders involving entertainment	[IN:GET_REMINDER]
reminder	delete my reminder at 3	[IN:DELETE_REMINDER]
reminder	how do i cancel a reminder	[IN:HELP_REMINDER]
reminder	remind me to get car washed Tomorrow	[IN:CREATE_REMINDER]
reminder	Change reminder for the first day of school from thusday to tuesday	[IN:UPDATE_REMINDER_DATE_TIME]
reminder	Remind me to set a daily wake up alarm Sunday night.	[IN:CREATE_REMINDER, IN:GET_TODO, IN:GET_RECURRING_DATE_TIME]
reminder	Remind me to make a grocery list on payday.	[IN:CREATE_REMINDER]
reminder	Remind me 5 days before my mother's scheduled brunch.	[IN:CREATE_REMINDER]
reminder	Get rid of the reminder that I have a doctor appointment in October.	[IN:DELETE_REMINDER]
reminder	Remind me daily to buy a present for Papa before July 28th.	[IN:CREATE_REMINDER, IN:GET_RECURRING_DATE_TIME, IN:GET_TODO]
reminder	Remind me to pick up food for the kids.	[IN:CREATE_REMINDER]
reminder	Change the reminder for my grocery delivery to 2 hours prior.	[IN:UPDATE_REMINDER_DATE_TIME]
reminder	Delete my pick up milk reminder.	[IN:DELETE_REMINDER]
reminder	Reminder to clean my apartment at least once a month	[IN:CREATE_REMINDER, IN:GET_RECURRING_DATE_TIME]
reminder	Read me my reminders for today	[IN:GET_REMINDER]
reminder	Remind me to order 3 pizza pies for the meeting on wed.	[IN:CREATE_REMINDER]
reminder	Make tomorrow's reminder Sunday instead	[IN:UPDATE_REMINDER_DATE_TIME]
reminder	Send Bobby a reminder tonight at 8pm that the landscapers are coming tomorrow at 5pm	[IN:CREATE_REMINDER, IN:GET_TODO]
reminder	Set up daily reminders to give kids morning medication	[IN:CREATE_REMINDER, IN:GET_RECURRING_DATE_TIME]
reminder	delete all event reminders about baseball practice on thursdays	[IN:DELETE_REMINDER]
reminder	change trash reminder to tuesday	[IN:UPDATE_REMINDER_DATE_TIME]
reminder	Do I have any reminders for next week?	[IN:GET_REMINDER]
reminder	Move reminder time to 9	[IN:UPDATE_REMINDER_DATE_TIME]
reminder	Cancel my reminder to visit the mechanic	[IN:DELETE_REMINDER]
reminder	Remind me 30 minutes before my Endocrinologist appointment tomorrow at 10 am.	[IN:CREATE_REMINDER, IN:GET_TODO]
reminder	delete my reminder for setting up a household budget	[IN:DELETE_REMINDER]
reminder	Remind me to contact dentist tomorrow for 10am appointment on Monday	[IN:CREATE_REMINDER, IN:GET_TODO]
reminder	remove all reminders for work outs	[IN:DELETE_REMINDER]
reminder	Henry asked me not to forget I'm taking him to his soccer practice Saturday morning at 10am. So, add this to my reminder list.	[IN:CREATE_REMINDER, IN:GET_TODO]
reminder	All reminders for the rest of May need to be deleted—I need the ones for June still.	[IN:DELETE_REMINDER]
reminder	change reminder to one oclock PM	[IN:UPDATE_REMINDER_DATE_TIME]
reminder	Remind me to give Trevor his medicine every day at 5 pm	[IN:CREATE_REMINDER, IN:GET_RECURRING_DATE_TIME]
reminder	do i have any reminders with joan next week	[IN:GET_REMINDER, IN:GET_TODO]
reminder	Cancel my reminder for lunch on Wednesday	[IN:DELETE_REMINDER]
reminder	Change my weekly discussion with Dr. Murphy to a Daily Reminder.	[IN:UPDATE_REMINDER, IN:GET_RECURRING_DATE_TIME, IN:GET_RECURRING_DATE_TIME]
reminder	Cancel the buy a gift for Susana reminder	[IN:DELETE_REMINDER]
reminder	Delete remind to study for the final.	[IN:DELETE_REMINDER]
reminder	Show me reminders I set for my husband’s doctor appointments	[IN:GET_REMINDER]
reminder	cancel my reminder for my doctor appointment	[IN:DELETE_REMINDER]
reminder	Delete all upcoming reminders.	[IN:DELETE_REMINDER]
reminder	i need to check the reminders for the christmas play schedule for oct-dec	[IN:GET_REMINDER]
reminder	please find the reminder  called dance off and adjust the time and place	[IN:UPDATE_REMINDER]
reminder	Delete climbing club reminders for this week.	[IN:DELETE_REMINDER]
reminder	show all reminders	[IN:GET_REMINDER]
reminder	List all of my reminders scheduled for this afternoon.	[IN:GET_REMINDER]
reminder	is there a reminder set to feed my cat?	[IN:GET_REMINDER]
reminder	Remove reminder for weekly Monday meetings.	[IN:DELETE_REMINDER, IN:GET_TODO, IN:GET_RECURRING_DATE_TIME]
reminder	Change my Monday reminders to Tuesday.	[IN:UPDATE_REMINDER_DATE_TIME]
reminder	Cancel reminder for Brady's Flea medicine.	[IN:DELETE_REMINDER]
reminder	What reminders do i have for Sunday	[IN:GET_REMINDER]
reminder	Remind me on Wednesday about my meetings schedule for Thursday.	[IN:CREATE_REMINDER, IN:GET_TODO]
reminder	When was my last reminder?	[IN:GET_REMINDER_DATE_TIME]
reminder	Remind me tomorrow at 9am that I have a doctor appointment at noon	[IN:CREATE_REMINDER, IN:GET_TODO]
reminder	What reminders do we have for Saturday the 20th?	[IN:GET_REMINDER]
reminder	Can you remind me to a daily meditation before I go to bed?	[IN:CREATE_REMINDER, IN:GET_TODO, IN:GET_RECURRING_DATE_TIME]
reminder	What are today's reminders?	[IN:GET_REMINDER]
reminder	daily reminder to be healthy and eat healthy.	[IN:CREATE_REMINDER, IN:GET_RECURRING_DATE_TIME]
reminder	Tell me what field trips are on my reminders for the month of October	[IN:GET_REMINDER]
reminder	Remind me to meet with my team starting on Mondays at 9:15 am	[IN:CREATE_REMINDER, IN:GET_TODO, IN:GET_RECURRING_DATE_TIME]
reminder	Show me all reminders of when my brother is coming to visit.	[IN:GET_REMINDER]
reminder	Set up a reminder for the monthly budget report on the 15th of each month at 12 pm.	[IN:CREATE_REMINDER, IN:GET_RECURRING_DATE_TIME]
reminder	Remind me to meet with Rajeana before going to the 6 PM financial meeting tomorrow.	[IN:CREATE_REMINDER, IN:GET_TODO]
reminder	move reminder to 7:00	[IN:UPDATE_REMINDER_DATE_TIME]
reminder	Can you remind me to text Robin the app I used.	[IN:CREATE_REMINDER, IN:SEND_MESSAGE]
reminder	Create a weekly reminder to send a work status update on Friday afternoons.	[IN:CREATE_REMINDER, IN:GET_RECURRING_DATE_TIME, IN:GET_TODO]
reminder	Please show me my reminders for the week	[IN:GET_REMINDER]
reminder	Do I have any reminders set for September 13th already?	[IN:GET_REMINDER]
reminder	will you change that reminder to 8am instead	[IN:UPDATE_REMINDER_DATE_TIME]
reminder	I want to see my reminder to talk to Brittany	[IN:GET_REMINDER]
reminder	I need to take off the reminder for milk	[IN:DELETE_REMINDER]
reminder	Do I have any reminders for Monday?	[IN:GET_REMINDER]
reminder	Remind Mom to buy milk and bread at 5pm tonight.	[IN:CREATE_REMINDER, IN:GET_CONTACT]
reminder	I have a dentist appointment on Friday at 3PM; can you remind me by 12PM?	[IN:CREATE_REMINDER, IN:GET_TODO]
reminder	Alert me 30 minutes before my dentist appointment this week.	[IN:CREATE_REMINDER, IN:GET_TODO]
reminder	What are my reminders for this week related to work?	[IN:GET_REMINDER]
reminder	Change party reminder to 8.	[IN:UPDATE_REMINDER_DATE_TIME]
reminder	Set up a weekly reminder to dust the library.	[IN:CREATE_REMINDER, IN:GET_RECURRING_DATE_TIME]
reminder	Change Becca's hair appt reminder to Sunday from Friday	[IN:UPDATE_REMINDER_DATE_TIME]
reminder	Can you remind me every day at 1:30 PM to look for jobs for Alesha.	[IN:CREATE_REMINDER, IN:GET_RECURRING_DATE_TIME]
reminder	I don't need the reminders about Emerson's birthdays in May anymore.	[IN:DELETE_REMINDER, IN:GET_TODO]
reminder	Delete the meeting with Brandon at 9 am.	[IN:DELETE_REMINDER, IN:GET_TODO]
reminder	Tell me my Friday reminders	[IN:GET_REMINDER]
reminder	Delete all of my reminders for next Sunday	[IN:DELETE_REMINDER]
reminder	Cancel my monthly reminder about the Home Owner's Association meeting.	[IN:DELETE_REMINDER, IN:GET_RECURRING_DATE_TIME]
reminder	Cancel the reminder for the meeting at 9 on friday	[IN:DELETE_REMINDER]
reminder	find reminder to take car for maintenance	[IN:GET_REMINDER]
reminder	Remind me that Noah's flight arrives at 8:50 tonight.	[IN:CREATE_REMINDER, IN:GET_TODO]
reminder	Show my reminders for next week.	[IN:GET_REMINDER]
reminder	End the reminders that I need to pick up the baby at the babysitter on Friday	[IN:DELETE_REMINDER]
reminder	Remind my Mom that I'll host dinner	[IN:CREATE_REMINDER, IN:GET_CONTACT]
reminder	what's my reminder for tomorrow morning	[IN:GET_REMINDER]
reminder	setup remind to pay cell bill every month on the 25th	[IN:CREATE_REMINDER, IN:GET_RECURRING_DATE_TIME]
reminder	Can you set a weekly reminder on Friday to check the shopping list for the weekend.	[IN:CREATE_REMINDER, IN:GET_RECURRING_DATE_TIME, IN:GET_TODO]
reminder	SET A DAILY REMINDER TO TAKE MY MEDS AT 8 A.M.	[IN:CREATE_REMINDER, IN:GET_RECURRING_DATE_TIME, IN:GET_TODO]
reminder	Do I have any reminders for today	[IN:GET_REMINDER]
reminder	Change my weekly pill reminders to Wednesday's only.	[IN:UPDATE_REMINDER, IN:GET_RECURRING_DATE_TIME, IN:GET_RECURRING_DATE_TIME]
reminder	can you remind me daily to check the thermostat	[IN:CREATE_REMINDER, IN:GET_RECURRING_DATE_TIME]
reminder	Remind me to reschedule the cancelled appointment with my family attorney.	[IN:CREATE_REMINDER, IN:GET_TODO]
reminder	Change my reminder for darts to karaoke night.	[IN:UPDATE_REMINDER_TODO]
reminder	I need to buy a shirt today - remind me.	[IN:CREATE_REMINDER, IN:GET_TODO]
reminder	Schedule a weekly reminder for Fridays to give Michelle positive affirmation.	[IN:CREATE_REMINDER, IN:GET_RECURRING_DATE_TIME]
reminder	Cancel my reminder dentist appointment next week.	[IN:DELETE_REMINDER]
reminder	Delete Harold's birthday reminder on Sunday	[IN:DELETE_REMINDER]
reminder	Show all of my reminders for the next two days	[IN:GET_REMINDER]
reminder	change the reminder to check on mom from 2pm to 1pm	[IN:UPDATE_REMINDER_DATE_TIME]
reminder	show me all my reminders for Jay.	[IN:GET_REMINDER]
reminder	Set reminder to pay bills every 15th of the month.	[IN:CREATE_REMINDER, IN:GET_RECURRING_DATE_TIME]
reminder	delete my reminder on reading club	[IN:DELETE_REMINDER]
reminder	Remove any monthly reminders I have.	[IN:DELETE_REMINDER, IN:GET_RECURRING_DATE_TIME]
reminder	Does my dinner reminder still exist?	[IN:GET_REMINDER]
reminder	Delete the lunch reminder for tomorrow.	[IN:DELETE_REMINDER]
reminder	Cancel lunch reminder for tomorrow	[IN:DELETE_REMINDER]
reminder	Show reminders for hockey times for this weekend	[IN:GET_REMINDER]
reminder	Cancel the reminder about my nail appointment	[IN:DELETE_REMINDER]
reminder	Read me all my reminders for this upcoming weekend	[IN:GET_REMINDER]
reminder	Set a reminder everyday at 8am to take my meds	[IN:CREATE_REMINDER, IN:GET_RECURRING_DATE_TIME]
reminder	I need to set up reminder to take my medicine every day at 8 am and 8 pm	[IN:CREATE_REMINDER, IN:GET_RECURRING_DATE_TIME]
reminder	do i have a reminder set for 15 minutes before my next work meeting	[IN:GET_REMINDER]
reminder	My laundry will be done in 45 minutes, please remind me	[IN:CREATE_REMINDER, IN:GET_TODO]
reminder	Delete reminder about Monday morning meeting.	[IN:DELETE_REMINDER, IN:GET_TODO]
reminder	Can you change my reminder to buy a birthday cake for the party next weekend.	[IN:UPDATE_REMINDER_DATE_TIME]
reminder	Set up a reminder to message the party planner tonight.	[IN:CREATE_REMINDER, IN:SEND_MESSAGE]
reminder	Delete the reminder about my doctors appointment on Tuesday.	[IN:DELETE_REMINDER]
reminder	Set a daily reminder to go for a run at 7:00am.	[IN:CREATE_REMINDER, IN:GET_RECURRING_DATE_TIME, IN:GET_TODO]
reminder	How many reminders do I have for playdates for Grace?	[IN:GET_REMINDER]
reminder	Set reminder weekly on Sunday at 7 to take trash out	[IN:CREATE_REMINDER, IN:GET_RECURRING_DATE_TIME]
reminder	Cancel my reminder for cocktails with Jess tomorrow.	[IN:DELETE_REMINDER, IN:GET_TODO]
reminder	Remove the reminder I have for picking up boxes next week.	[IN:DELETE_REMINDER]
reminder	set a daily reminder to take my pills at 7am	[IN:CREATE_REMINDER, IN:GET_RECURRING_DATE_TIME, IN:GET_TODO]
reminder	show me all my reminders today	[IN:GET_REMINDER]
reminder	Read my afternoon reminders.	[IN:GET_REMINDER]
reminder	are there reminders for the school pickups that i need to do this week?	[IN:GET_REMINDER]
reminder	remove all the reminders for our kids this weekend	[IN:DELETE_REMINDER, IN:GET_CONTACT]
reminder	Remove my reminder for James' 11am baseball game	[IN:DELETE_REMINDER, IN:GET_TODO]
reminder	What reminders do I have for Friday?	[IN:GET_REMINDER]
reminder	Cancel reminder to text Angel.	[IN:DELETE_REMINDER, IN:SEND_MESSAGE]
reminder	Remind me to work out every night at 9:05pm.	[IN:CREATE_REMINDER, IN:GET_RECURRING_DATE_TIME]
reminder	Do I have any reminders this upcoming week?	[IN:GET_REMINDER]
reminder	Add pizza menu to the reminder tonight	[IN:UPDATE_REMINDER_TODO]
reminder	Show all reminders that include Belinda.	[IN:GET_REMINDER]
reminder	Change my reminder to walk the dog from noon to 1:30PM	[IN:UPDATE_REMINDER_DATE_TIME]
reminder	what are the things I have to do on my reminder at 3pm	[IN:GET_REMINDER]
reminder	Delete all cleaning reminders.	[IN:DELETE_REMINDER]
reminder	What reminders do I have set for this week	[IN:GET_REMINDER]
reminder	change my reminder for tomorrow to 7 pm.	[IN:UPDATE_REMINDER_DATE_TIME]
reminder	Remove the reminder to go grocery shopping.	[IN:DELETE_REMINDER]
reminder	Show me what reminders I have set for tomorrow.	[IN:GET_REMINDER]
reminder	Any reminders Saturday?	[IN:GET_REMINDER]
reminder	can you please remove all my alerts before 8am	[IN:DELETE_REMINDER]
reminder	i don't want to miss the shuttle at 5a, alert me at 3a	[IN:CREATE_REMINDER, IN:GET_TODO]
reminder	Delete all reminders regarding the upcoming garage sale.	[IN:DELETE_REMINDER]
reminder	Remind me to take out the recycling tomorrow night, not tonight	[IN:UPDATE_REMINDER_DATE_TIME]
reminder	The bus will be here at 3 pm; can you alert me 10 minutes before?	[IN:CREATE_REMINDER, IN:GET_TODO]
reminder	Any reminders for Saturday?	[IN:GET_REMINDER]
reminder	Show me what time the soccer game reminder is set for.	[IN:GET_REMINDER_DATE_TIME]
reminder	can you remind me to take out the trash on saturday instead of sunday	[IN:UPDATE_REMINDER_DATE_TIME]
reminder	set daily reminder for status report	[IN:CREATE_REMINDER, IN:GET_RECURRING_DATE_TIME]
reminder	delete reminder about the movie with james next week	[IN:DELETE_REMINDER, IN:GET_TODO]
reminder	Establish a monthly reminder to pay John's phone bill	[IN:CREATE_REMINDER, IN:GET_RECURRING_DATE_TIME]
reminder	The lady from the church called and wants me to bring the youth group down for dinner on Friday 2018 August please remind me 2 days before at 6 a.m. outside	[IN:CREATE_REMINDER, IN:GET_TODO]
reminder	Set up a daily reminder to drink 8 oz of water three times a day.	[IN:CREATE_REMINDER, IN:GET_RECURRING_DATE_TIME, IN:GET_TODO, IN:GET_RECURRING_DATE_TIME]
reminder	show me all lunch meeting reminders.	[IN:GET_REMINDER]
reminder	how do i organize my reminders	[IN:HELP_REMINDER]
reminder	When is my reminder to send the samples to Joseph	[IN:GET_REMINDER_DATE_TIME]
reminder	Change my reminder for my doctors appointment from 2 pm to 3 pm.	[IN:UPDATE_REMINDER_DATE_TIME]
reminder	Change coffee reminder to fourth friday, not the third	[IN:UPDATE_REMINDER_DATE_TIME]
reminder	I need to set a reminder for lunch on Wednesday with Jimmy at noon; alert me an hour before.	[IN:CREATE_REMINDER, IN:GET_TODO]
reminder	Remove my reminder about dinner with Amanda this Saturday	[IN:DELETE_REMINDER, IN:GET_TODO]
reminder	Delete all reminders concerning Jennifer.	[IN:DELETE_REMINDER]
reminder	Cancel that reminder about the meeting Monday night--it's been canceled.	[IN:DELETE_REMINDER, IN:GET_TODO]
reminder	How many reminders do I have to meet Breck set for this week?	[IN:GET_REMINDER_AMOUNT]
reminder	can you show me all of my reminders for this week only so we can do updates	[IN:GET_REMINDER]
reminder	Find my doctor's appointment reminder and move the date to Thursday the 17th.	[IN:UPDATE_REMINDER_DATE_TIME]
reminder	Set reminder daily to upload YouTube videos.	[IN:CREATE_REMINDER, IN:GET_RECURRING_DATE_TIME]
reminder	Set up a reminder for Sarah to let the dogs out every night.	[IN:CREATE_REMINDER, IN:GET_RECURRING_DATE_TIME]
reminder	I don't want to miss the T at 10 can you please alert me at 9:45?	[IN:CREATE_REMINDER, IN:GET_TODO]
reminder	Tell me my reminders for tomorrow	[IN:GET_REMINDER]
reminder	Set a weekly reminder on Wednesdays to give Perry his medicine.	[IN:CREATE_REMINDER, IN:GET_RECURRING_DATE_TIME]
reminder	Make a daily reminder for Lauren to practice her piano lessons after she does her homework.	[IN:CREATE_REMINDER, IN:GET_RECURRING_DATE_TIME]
reminder	Remind me to brush my teeth every morning	[IN:CREATE_REMINDER, IN:GET_RECURRING_DATE_TIME]
reminder	Remind me about the tailgate on Saturday instead of Friday	[IN:UPDATE_REMINDER_DATE_TIME]
reminder	Make a reminder about my weekly work meeting.	[IN:CREATE_REMINDER, IN:GET_TODO, IN:GET_RECURRING_DATE_TIME]
reminder	Tell me all the reminders I have for tomorrow.	[IN:GET_REMINDER]
reminder	Remind me on Sunday about football game in August.	[IN:CREATE_REMINDER, IN:GET_TODO]
reminder	Show reminders for today	[IN:GET_REMINDER]
reminder	cancel all my reminders for the alarms for the next two weeks	[IN:DELETE_REMINDER]
reminder	set up daily reminder to workout at 7am	[IN:CREATE_REMINDER, IN:GET_RECURRING_DATE_TIME, IN:GET_TODO]
reminder	show me all my reminders for tomorrow	[IN:GET_REMINDER]
reminder	Remind me to send the email about my job interview today at 6pm	[IN:CREATE_REMINDER, IN:SEND_MESSAGE]
reminder	create a new weekly reminder on saturdays for bingo night at 6pm. set a warning reminder 15 minutes before.	[IN:CREATE_REMINDER, IN:GET_RECURRING_DATE_TIME, IN:GET_TODO]
reminder	Tell me the reminders about Amy	[IN:GET_REMINDER]
reminder	remind me to send a  reply to gorham savings bank about user problems	[IN:CREATE_REMINDER, IN:REPLY_MESSAGE]
reminder	Can you let me know when my oil change reminder is set for?	[IN:GET_REMINDER_DATE_TIME]
reminder	Read me all of my birthday reminders for the month of June.	[IN:GET_REMINDER]
reminder	Update my reminder to change the air filter from every 60 days to every 90 days.	[IN:UPDATE_REMINDER, IN:GET_RECURRING_DATE_TIME, IN:GET_RECURRING_DATE_TIME]
reminder	Add Jenn to the reminder regarding fossil fuels later this month.	[IN:UPDATE_REMINDER]
reminder	update reminder for tie dyeing contest for sara on sat july7at 130 pm	[IN:UPDATE_REMINDER_DATE_TIME]
reminder	when is the reminder to go shopping for the trip?	[IN:GET_REMINDER_DATE_TIME]
reminder	Show me my reminders for the next 2 weeks	[IN:GET_REMINDER]
reminder	Show my reminders	[IN:GET_REMINDER]
reminder	Cancel all reminders please.	[IN:DELETE_REMINDER]
reminder	Remove all chore reminders that are before 9 am., please.	[IN:DELETE_REMINDER]
reminder	Show me my latest reminder about the show I wanted to see next week	[IN:GET_REMINDER]
reminder	Remind me in half an hour to send a text message to my wife.	[IN:CREATE_REMINDER, IN:SEND_MESSAGE, IN:GET_CONTACT]
reminder	Update Mom's reminder to 6 pm	[IN:UPDATE_REMINDER_DATE_TIME, IN:GET_CONTACT]
reminder	Schedule a reminder to message Sam tonight.	[IN:CREATE_REMINDER, IN:SEND_MESSAGE]
reminder	i need to schedule a meeting with my accountant next week, remind me tomorrow	[IN:CREATE_REMINDER, IN:GET_TODO]
reminder	When is my weekly reminder to send an email on sales forecasts?	[IN:GET_REMINDER_DATE_TIME, IN:GET_RECURRING_DATE_TIME, IN:SEND_MESSAGE]
reminder	view reminders for week	[IN:GET_REMINDER]
reminder	When is my reminder for apple picking?	[IN:GET_REMINDER_DATE_TIME]
reminder	Move all reminders from today to tomorrow.	[IN:UPDATE_REMINDER_DATE_TIME]
reminder	Where is the location for my next meeting reminder?	[IN:GET_REMINDER_LOCATION]
reminder	Remind my daughter to take water bottle, shorts, and blue pom poms to cheer practice this afternoon.	[IN:CREATE_REMINDER, IN:GET_CONTACT]
reminder	Where is the location of my reminder for Rachel's birthday party?	[IN:GET_REMINDER_LOCATION]
reminder	Show my meeting with Govind reminder.	[IN:GET_REMINDER, IN:GET_TODO]
reminder	Show all reminders about Puchi and taking him to the vet.	[IN:GET_REMINDER]
reminder	What's the first reminder I have set for 2019?	[IN:GET_REMINDER]
reminder	Please find all the reminder's for my friends birthday's in June	[IN:GET_REMINDER]
reminder	Delete all reminders about move in for July	[IN:DELETE_REMINDER]
reminder	delete reminder to attend cookout with Greta on next saturday	[IN:DELETE_REMINDER, IN:GET_TODO]
reminder	Show me all reminders for bill payments	[IN:GET_REMINDER]
reminder	Change the alarm reminder to 5am on Mondays	[IN:UPDATE_REMINDER, IN:GET_RECURRING_DATE_TIME]
reminder	how many dinner reminders do i have	[IN:GET_REMINDER_AMOUNT]
reminder	Delete the reminders to email Mom about the party.	[IN:DELETE_REMINDER, IN:SEND_MESSAGE, IN:GET_CONTACT, IN:GET_EVENT]
reminder	Please show my prescription refill reminders.	[IN:GET_REMINDER]
reminder	I'm not feeling well today, so please delete all my reminders for the day.	[IN:DELETE_REMINDER]
reminder	Remove all reminders for soccer practice	[IN:DELETE_REMINDER]
reminder	play reminders for 10:45 am next Wednesday	[IN:GET_REMINDER]
reminder	Remind me to set up an appointment with the PT department.	[IN:CREATE_REMINDER, IN:GET_TODO]
reminder	Remind my sister to pick up mom an hour early on Saturday for brunch	[IN:CREATE_REMINDER, IN:GET_CONTACT, IN:GET_TODO]
reminder	Can you remind me to send Davy a congratulations text tomorrow morning at 9am?	[IN:CREATE_REMINDER, IN:SEND_MESSAGE]
reminder	Remind me to setup a time to meet with the new landscaper.	[IN:CREATE_REMINDER, IN:GET_TODO]
reminder	what time is this week's lunch reminders?	[IN:GET_REMINDER_DATE_TIME]
reminder	Please cancel my reminder for my doctor's appointment with Catherine on Saturday June 19th 2019	[IN:DELETE_REMINDER, IN:GET_TODO]
reminder	change reminder for Monday to include an alert every 5 minutes from 8am to 12pm	[IN:UPDATE_REMINDER, IN:GET_RECURRING_DATE_TIME]
reminder	Change reminder time to 9am	[IN:UPDATE_REMINDER_DATE_TIME]
reminder	Remind me to email Ty, Mark, and Carla about the make-up exam when I get home.	[IN:CREATE_REMINDER, IN:GET_TODO, IN:SEND_MESSAGE]
reminder	show my reminder for dinner	[IN:GET_REMINDER]
reminder	Change Carla reminder from Monday to Tuesday.	[IN:UPDATE_REMINDER_DATE_TIME]
reminder	See my dinner reminders.	[IN:GET_REMINDER]
reminder	Remind my husband and me that we need to make restaurant reservations for our anniversary Saturday	[IN:CREATE_REMINDER, IN:GET_CONTACT]
reminder	please update my work reminder for new meeting at 9 am every thursday now	[IN:UPDATE_REMINDER_TODO, IN:GET_RECURRING_DATE_TIME]
reminder	When is the reminder about Hugo coming to visit?	[IN:GET_REMINDER_DATE_TIME]
reminder	Remind me about food shopping at 7pm, not 7am.	[IN:UPDATE_REMINDER_DATE_TIME]
reminder	Change our date night reminder to Saturday at 6 please	[IN:UPDATE_REMINDER_DATE_TIME]
reminder	Get all the roommate reminders.	[IN:GET_REMINDER]
reminder	change my work meeting reminder from 3 to 4 pm	[IN:UPDATE_REMINDER_DATE_TIME]
reminder	Remove all alerts from recurring reminders	[IN:DELETE_REMINDER]
reminder	List the reminders I have so far for the charity event for the Big Oak Ranch.	[IN:GET_REMINDER]
reminder	Show my reminders for the rest of the afternoon today	[IN:GET_REMINDER]
reminder	Please display all reminders about the cat.	[IN:GET_REMINDER]
reminder	remove all of my oil change reminders	[IN:DELETE_REMINDER]
reminder	Cancel all of my reminders for tomorrow.	[IN:DELETE_REMINDER]
reminder	Please send a reminder to my mom to have dad take his new medication tomorrow.	[IN:CREATE_REMINDER, IN:GET_CONTACT]
reminder	Update daily reminders from workout to meditation	[IN:UPDATE_REMINDER_TODO, IN:GET_RECURRING_DATE_TIME]
reminder	show me my reminders in the morning at 8am	[IN:GET_REMINDER]
reminder	what time is my reminder for hair appointment today	[IN:GET_REMINDER_DATE_TIME]
reminder	Remind me to schedule an appointment with the doctor tomorrow	[IN:CREATE_REMINDER, IN:GET_TODO]
reminder	what time is the reminder set for jim's retirement party	[IN:GET_REMINDER_DATE_TIME]
reminder	Move my shopping reminder to tomorrow.	[IN:UPDATE_REMINDER_DATE_TIME]
reminder	Delete all reminders I have on renewing Seans renewals for work orders	[IN:DELETE_REMINDER]
reminder	It is winter now. Delete all the reminders to water plants.	[IN:DELETE_REMINDER]
reminder	Move my next dermatology appointment reminder to Thursday at 10 AM	[IN:UPDATE_REMINDER_DATE_TIME]
reminder	Change our catering date reminder from August 21 to August 31.	[IN:UPDATE_REMINDER_DATE_TIME]
reminder	I need to see the reminders I have for Sally for the bake sale.	[IN:GET_REMINDER]
reminder	Change my carpool reminder to Wednesday at 6am	[IN:UPDATE_REMINDER_DATE_TIME]
reminder	Can you remind my wife to set the date for our babysitter friday at 12	[IN:CREATE_REMINDER, IN:GET_CONTACT]
reminder	Can you read the study alerts for today?	[IN:GET_REMINDER]
reminder	Change my reminder for the dentist appointment to next Thursday.	[IN:UPDATE_REMINDER_DATE_TIME]
reminder	Remind me about my movie date with Kaitlin on Tuesday.	[IN:CREATE_REMINDER, IN:GET_TODO]
reminder	Tell me the location of the bachelorette party reminder	[IN:GET_REMINDER_LOCATION]
reminder	Show all reminders for this week	[IN:GET_REMINDER]
reminder	Please show me all reminders.	[IN:GET_REMINDER]
reminder	Remind my mom that we are having dinner tomorrow at 12 pm	[IN:CREATE_REMINDER, IN:GET_CONTACT]
reminder	Please remind my book club that we are meeting on Thursday this week not next week.	[IN:UPDATE_REMINDER_DATE_TIME]
reminder	Show all reminders	[IN:GET_REMINDER]
reminder	When's the lunch reminder?	[IN:GET_REMINDER_DATE_TIME]
reminder	Read all reminders.	[IN:GET_REMINDER]
reminder	Add Brian and Matt to all reminders involving steak dinner this month.	[IN:UPDATE_REMINDER]
reminder	Update the reminder to have the house cleaned from tuesday to Weds	[IN:UPDATE_REMINDER_DATE_TIME]
reminder	Move my PTO reminder to next Tuesday.	[IN:UPDATE_REMINDER_DATE_TIME]
reminder	Update bicycle group reminder to Friday instead of Saturday.	[IN:UPDATE_REMINDER_DATE_TIME]
reminder	move my reminder for jennifers wedding to saturday at 8am	[IN:UPDATE_REMINDER_DATE_TIME]
reminder	Delete the reminder that I have to meet with Patricia	[IN:DELETE_REMINDER, IN:GET_TODO]
reminder	Please update the reminder for Kayla's party to include picking up the cake.	[IN:UPDATE_REMINDER_TODO]
reminder	adjust the reminder for carpool from Monday to Thursday	[IN:UPDATE_REMINDER_DATE_TIME]
reminder	Set up a reminder for Wed. at 12 pm for lunch with mom.	[IN:CREATE_REMINDER, IN:GET_TODO, IN:GET_CONTACT]
reminder	Can you please remind me to send my uncle a gift card with Carlos?	[IN:CREATE_REMINDER, IN:GET_TODO]
reminder	When is my next reminder?	[IN:GET_REMINDER_DATE_TIME]
reminder	Edit my reminder to pay the cell phone bill from Thursday to Friday.	[IN:UPDATE_REMINDER_DATE_TIME]
reminder	What day is the reminder for the paper that I have due this week?	[IN:GET_REMINDER_DATE_TIME]
reminder	Change my Intro to math schedule reminder to Tuesdays at 6pm	[IN:UPDATE_REMINDER, IN:GET_RECURRING_DATE_TIME]
reminder	Remind me to email the invitations to the wedding	[IN:CREATE_REMINDER, IN:SEND_MESSAGE]
reminder	It is going to rain tomorrow; move tomorrow's reminder to water the plants to the day after tomorrow	[IN:UPDATE_REMINDER_DATE_TIME]
reminder	Remind me to email my doctor before tomorrow	[IN:CREATE_REMINDER, IN:SEND_MESSAGE]
reminder	Remind me to email my professor at 12	[IN:CREATE_REMINDER, IN:SEND_MESSAGE]
reminder	Change my reminder for the bird's vet appointment to next Friday.	[IN:UPDATE_REMINDER_DATE_TIME]
reminder	Set a reminder to email my coworkers by tonight.	[IN:CREATE_REMINDER, IN:SEND_MESSAGE, IN:GET_CONTACT]
reminder	Change my 6:00 pm reminder to 6:30 pm.	[IN:UPDATE_REMINDER_DATE_TIME]
reminder	Change tomorrow's reminder to one hour later.	[IN:UPDATE_REMINDER_DATE_TIME]
reminder	Remind me to workout with Jo tomorrow at 6am.	[IN:CREATE_REMINDER, IN:GET_TODO]
reminder	Modify my workout reminder for today from 7am to 3pm	[IN:UPDATE_REMINDER_DATE_TIME]
reminder	Add buy Maggie a birthday gift to today's reminder.	[IN:UPDATE_REMINDER_TODO]
reminder	When are the VA appointment reminders for next month	[IN:GET_REMINDER_DATE_TIME]
reminder	change reminder to text JT from tomorrow morning to tomorrow afternoon	[IN:UPDATE_REMINDER_DATE_TIME, IN:SEND_MESSAGE]
reminder	change the date on Sherman's reminder to Tuesday	[IN:UPDATE_REMINDER_DATE_TIME]
reminder	How many reminders do i have to text meeting times to the team	[IN:GET_REMINDER_AMOUNT, IN:SEND_MESSAGE]
reminder	Video game tournament reminder changed to the 16th instead of the 12th	[IN:UPDATE_REMINDER_DATE_TIME]
reminder	when is the reminder for Tiff party?	[IN:GET_REMINDER_DATE_TIME]
reminder	Delete all my meeting with Steve reminders	[IN:DELETE_REMINDER, IN:GET_TODO]
reminder	where are we having happy hour for my work meet up reminder	[IN:GET_REMINDER_LOCATION]
reminder	Please make a reminder for me to meet with management to finalize the plans at 2pm on Wednesday.	[IN:CREATE_REMINDER, IN:GET_TODO]
reminder	Do I have any reminders with my sister during sunset?	[IN:GET_REMINDER, IN:GET_TODO, IN:GET_CONTACT]
reminder	What is my reminder for lunch with Kimmie?	[IN:GET_REMINDER, IN:GET_TODO]
reminder	Delete my last reminder.	[IN:DELETE_REMINDER]
reminder	How many reminders do I have for work the rest of the month?	[IN:GET_REMINDER_AMOUNT]
reminder	Modify my daily pill reminder to take them every day at noon.	[IN:UPDATE_REMINDER, IN:GET_RECURRING_DATE_TIME, IN:GET_RECURRING_DATE_TIME]
reminder	When did I set a reminder for the client meeting today?	[IN:GET_REMINDER_DATE_TIME]
reminder	Remind me which nights I'm making dinner this week please	[IN:GET_REMINDER_DATE_TIME, IN:GET_TODO]
reminder	Remind me to e-mail Sawyers Therapist to confirm the new Speech Therapy hours.	[IN:CREATE_REMINDER, IN:SEND_MESSAGE]
reminder	How many reminders are set for today	[IN:GET_REMINDER_AMOUNT]
reminder	Remind my wife that we need toilet paper	[IN:CREATE_REMINDER, IN:GET_CONTACT]
reminder	when is my next reminder for Callen remodelers	[IN:GET_REMINDER_DATE_TIME]
reminder	When is my next reminder for Jaida's Birthday dinner?	[IN:GET_REMINDER_DATE_TIME]
reminder	Set a reminder for Dad to meet me for tennis on Sunday at noon.	[IN:CREATE_REMINDER, IN:GET_CONTACT]
reminder	Remind my husband about my parents coming to visit on the 15th.	[IN:CREATE_REMINDER, IN:GET_CONTACT]
reminder	Set a reminder for Appointment with Dr. Smith at 2:15 pm on March 13th.	[IN:CREATE_REMINDER, IN:GET_TODO]
reminder	how many reminders do I have this week?	[IN:GET_REMINDER_AMOUNT]
reminder	Change my exercise reminder to be every day at 5	[IN:UPDATE_REMINDER, IN:GET_RECURRING_DATE_TIME]
reminder	How do I see all my reminders for next year?	[IN:HELP_REMINDER]
reminder	Add Larry to the reminder for meeting the guys on Sunday.	[IN:UPDATE_REMINDER]
reminder	Tell me what my next reminder is.	[IN:GET_REMINDER]
reminder	Instead of reminding me in the mornings, please remind me in the afternoons	[IN:UPDATE_REMINDER, IN:GET_RECURRING_DATE_TIME, IN:GET_RECURRING_DATE_TIME]
reminder	Remind me to text Renee when it's after 10am Pacific Time.	[IN:CREATE_REMINDER, IN:SEND_MESSAGE]
reminder	Set a reminder for the kids to clean their rooms everyday.	[IN:CREATE_REMINDER, IN:GET_CONTACT, IN:GET_RECURRING_DATE_TIME]
reminder	Create a reminder for shopping with Sandy on Sunday morning.	[IN:CREATE_REMINDER, IN:GET_TODO]
reminder	I need you to remind me to email the oil company today.	[IN:CREATE_REMINDER, IN:SEND_MESSAGE]
reminder	I need to  buy bananas. Remind me to add that to the grocery list	[IN:UPDATE_REMINDER_TODO]
reminder	please set up a reminder for my brother to pay rent on thursday	[IN:CREATE_REMINDER, IN:GET_CONTACT]
reminder	Add carpet cleaning to house chores reminder for next saturday	[IN:UPDATE_REMINDER_TODO]
reminder	How many reminders do I have set up for automatic bill paying per month	[IN:GET_REMINDER_AMOUNT]
reminder	What day is the reminder for Jenny's hair appointment set for?	[IN:GET_REMINDER_DATE_TIME]
reminder	When is the alert for sons counseling	[IN:GET_REMINDER_DATE_TIME]
reminder	when is my next reminder	[IN:GET_REMINDER_DATE_TIME]
reminder	Modify my existing reminder about washing my sister's truck to include to use the special soap she likes.	[IN:UPDATE_REMINDER_TODO]
reminder	How do I see reminders for last week?	[IN:HELP_REMINDER]
reminder	Remove my dinner reminder with Alex for tomorrow night.	[IN:DELETE_REMINDER, IN:GET_TODO]
reminder	What reminders do I have next weekend with Madelyn?	[IN:GET_REMINDER, IN:GET_TODO]
reminder	I need to look at reminders for the location of my parents anniversary party next week	[IN:GET_REMINDER_LOCATION]
reminder	Change my morning wakeup reminder to 8am every day this week.	[IN:UPDATE_REMINDER, IN:GET_RECURRING_DATE_TIME]
reminder	update the reminder to meet with Kristin to extend through December	[IN:UPDATE_REMINDER_DATE_TIME]
reminder	Tell me my when my next eye doctor appointment reminder is.	[IN:GET_REMINDER_DATE_TIME]
reminder	What time is my reminder set for ""Pay the mortgage""?	[IN:GET_REMINDER_DATE_TIME]
reminder	where is the location for my reminder about meeting up with Catey?	[IN:GET_REMINDER_LOCATION, IN:GET_TODO]
reminder	Where is the location for next Sunday's reminder?	[IN:GET_REMINDER_LOCATION]
reminder	How many reminders do I have for Thursday	[IN:GET_REMINDER_AMOUNT]
reminder	Cancel the reminder from July 1st about dinner plans with Gabby.	[IN:DELETE_REMINDER, IN:GET_TODO]
reminder	Can you please display all reminders for breakfast with Karen this month?	[IN:GET_REMINDER, IN:GET_TODO]
reminder	Add get groceries to my to do list reminder.	[IN:UPDATE_REMINDER_TODO]
reminder	Modify post office reminder	[IN:UPDATE_REMINDER]
reminder	Add pick up Ben's birthday cake to my errand reminders for tomorrow.	[IN:UPDATE_REMINDER_TODO]
reminder	What was my last reminder.	[IN:GET_REMINDER]
reminder	Update my sales meeting reminders to be weekly	[IN:UPDATE_REMINDER, IN:GET_RECURRING_DATE_TIME]
reminder	Change my upcoming reminder to dentist instead of doctor.	[IN:UPDATE_REMINDER_TODO]
reminder	Remind me to send Chris an email about the client request for the conference	[IN:CREATE_REMINDER, IN:SEND_MESSAGE]
reminder	update my workout reminders to be daily.	[IN:UPDATE_REMINDER, IN:GET_RECURRING_DATE_TIME]
reminder	Tell me when the state fair reminder is set for.	[IN:GET_REMINDER_DATE_TIME]
reminder	change the reminder to email terry from 3 to 6pm	[IN:UPDATE_REMINDER_DATE_TIME, IN:SEND_MESSAGE]
reminder	Look up when my next reminder is	[IN:GET_REMINDER_DATE_TIME]
reminder	Delete the reminder for dinner with Stephanie on Saturday.	[IN:DELETE_REMINDER, IN:GET_TODO]
reminder	When is my reminder to text my father?	[IN:GET_REMINDER_DATE_TIME, IN:SEND_MESSAGE, IN:GET_CONTACT]
reminder	Are there any reminders for meeting with the garden club this month	[IN:GET_REMINDER, IN:GET_TODO]
reminder	will you set up a reminder to kids about their weekly chores.	[IN:CREATE_REMINDER, IN:GET_CONTACT]
reminder	Can you remind my sister to send out a birthday card to Grandma by Friday?	[IN:CREATE_REMINDER, IN:GET_CONTACT]
reminder	remind me to email marc the details for the camping trip	[IN:CREATE_REMINDER, IN:SEND_MESSAGE]
reminder	Could you change next weekend reminder to eat time	[IN:UPDATE_REMINDER_TODO]
reminder	when is my next reminder for art class	[IN:GET_REMINDER_DATE_TIME]
reminder	When is our reminder for James's birthday party?	[IN:GET_REMINDER_DATE_TIME]
reminder	When is the reminder for Tom and Clarissa's wedding anniversary?	[IN:GET_REMINDER_DATE_TIME]
reminder	cancel all dads reminders	[IN:DELETE_REMINDER, IN:GET_CONTACT]
reminder	How many reminders about school work do I have today?	[IN:GET_REMINDER_AMOUNT]
reminder	Remind me about a meeting with Dan Friday 4pm	[IN:CREATE_REMINDER, IN:GET_TODO]
reminder	When did I set up breakfast reminders for this weekend?	[IN:GET_REMINDER_DATE_TIME]
reminder	Can you remind me to send out my email marketing letter by Friday	[IN:CREATE_REMINDER, IN:SEND_MESSAGE]
reminder	I need to write Jess and email; can you remind me at 10pm?	[IN:CREATE_REMINDER, IN:SEND_MESSAGE]
reminder	Add James to my bachelor party reminder.	[IN:UPDATE_REMINDER]
reminder	Remind me today at 2pmt to forward the orchestra schedule to the show's director.	[IN:CREATE_REMINDER, IN:SEND_MESSAGE]
reminder	where is my next reminder for 2pm	[IN:GET_REMINDER_LOCATION]
reminder	cancel recurring dinner plan with Sarah reminders	[IN:DELETE_REMINDER, IN:GET_TODO]
reminder	Change the reminder for Kayak's med to every other day at 5.	[IN:UPDATE_REMINDER, IN:GET_RECURRING_DATE_TIME]
reminder	Remind me to send a message to my mom to call the gardener.	[IN:CREATE_REMINDER, IN:SEND_MESSAGE, IN:GET_CONTACT]
reminder	when is my next reminder?	[IN:GET_REMINDER_DATE_TIME]
reminder	When is my reminder for the school field trip?	[IN:GET_REMINDER_DATE_TIME]
reminder	how many weeks are left till my next hair appointment reminder	[IN:GET_REMINDER_DATE_TIME]
reminder	Edit the reminder I set earlier.	[IN:UPDATE_REMINDER]
reminder	Please change Work Trainings reminder from daily to weekly.	[IN:UPDATE_REMINDER, IN:GET_RECURRING_DATE_TIME, IN:GET_RECURRING_DATE_TIME]
reminder	can you remind me the day before my dr appointment with sansonetti	[IN:CREATE_REMINDER, IN:GET_TODO]
reminder	What time does the class reunion invitation reminder show?	[IN:GET_REMINDER_DATE_TIME]
reminder	Remove the reminder I last entered.	[IN:DELETE_REMINDER]
reminder	Set a reminder for my dad about our dinner plans tomorrow.	[IN:CREATE_REMINDER, IN:GET_CONTACT]
reminder	How do I see my reminders?	[IN:HELP_REMINDER]
reminder	Cancel my reminder for lunch with Shannon at 12:30 pm	[IN:DELETE_REMINDER, IN:GET_TODO]
reminder	How do I find reminders for homework due dates	[IN:HELP_REMINDER]
reminder	Remove my reminder for meeting with Shelly	[IN:DELETE_REMINDER, IN:GET_TODO]
reminder	Revise the reminder to pay the rent to the 27th of every month.	[IN:UPDATE_REMINDER, IN:GET_RECURRING_DATE_TIME]
reminder	Remind me tomorrow morning to email Edward about his car.	[IN:CREATE_REMINDER, IN:GET_TODO, IN:SEND_MESSAGE]
reminder	I have a date night schedule with Jill at 8 pm and she just called and asked to change that to 9 pm so please adjustment my reminder.	[IN:UPDATE_REMINDER_DATE_TIME]
reminder	Show me reminders for mom next Saturday	[IN:GET_REMINDER, IN:GET_CONTACT]
reminder	Help me edit today's reminders for work.	[IN:HELP_REMINDER]
reminder	remind me to text Kathy about the party.	[IN:CREATE_REMINDER, IN:SEND_MESSAGE, IN:GET_EVENT]
reminder	Make the rent reminder happen the 1st of every month	[IN:UPDATE_REMINDER, IN:GET_RECURRING_DATE_TIME]
reminder	when is my next reminder for dinner on a tuesday	[IN:GET_REMINDER_DATE_TIME]
reminder	Remind me to email Susan Jackson the menu tomorrow at 1:30 pm.	[IN:CREATE_REMINDER, IN:SEND_MESSAGE]
reminder	Set a reminder up for my Mom to bring the car seat at 9 am tomorrow.	[IN:CREATE_REMINDER, IN:GET_CONTACT]
reminder	What were my last two completed reminders?	[IN:GET_REMINDER]
reminder	On what date does the church choir rehearsal reminder start?	[IN:GET_REMINDER_DATE_TIME]
reminder	Set up a daily reminder for my husband to take his medication	[IN:CREATE_REMINDER, IN:GET_RECURRING_DATE_TIME, IN:GET_CONTACT]
reminder	Can you change my reminders for the dogs' Nexgard doses to the second of each month?	[IN:UPDATE_REMINDER, IN:GET_RECURRING_DATE_TIME]
reminder	remind me when the turkey should come out of the oven	[IN:GET_REMINDER_DATE_TIME]
reminder	Get rid of the reminder to go shopping with Xavier this weekend.	[IN:DELETE_REMINDER, IN:GET_TODO]
reminder	I need to modify one of my son's reminders.	[IN:UPDATE_REMINDER, IN:GET_CONTACT]
reminder	Please remove all of dad's pill and vitamin reminders.	[IN:DELETE_REMINDER, IN:GET_CONTACT]
reminder	Where's my reminder on where Tianna's graduation party is?	[IN:GET_REMINDER_LOCATION]
reminder	Add review our bills to Bill's financial data reminder list.	[IN:UPDATE_REMINDER_TODO]
reminder	Remind mom about restaurant reservation at 2 pm tomorrow	[IN:CREATE_REMINDER, IN:GET_CONTACT]
reminder	Delete my last five reminders.	[IN:DELETE_REMINDER]
reminder	How many PM reminders are scheduled for cooking?	[IN:GET_REMINDER_AMOUNT]
reminder	When's my next workout reminder for?	[IN:GET_REMINDER_DATE_TIME]
reminder	how many reminders do I have for October 6th?	[IN:GET_REMINDER_AMOUNT]
reminder	Set reminder for dinner with Tracey on Wednesday.	[IN:CREATE_REMINDER, IN:GET_TODO]
reminder	delete reminders for weekly friday dinners with Jerry	[IN:DELETE_REMINDER, IN:GET_TODO, IN:GET_RECURRING_DATE_TIME]
reminder	update the reminder for my Mom's birthday party	[IN:UPDATE_REMINDER]
reminder	I don't want to be late for dinner with Kathy; can you send me an alert one hour prior?	[IN:CREATE_REMINDER, IN:GET_TODO]
reminder	modify errand reminder to every sunday	[IN:UPDATE_REMINDER, IN:GET_RECURRING_DATE_TIME]
reminder	Add Christmas shopping reminder to Fall chores.	[IN:UPDATE_REMINDER_TODO]
reminder	Can you alert me 30 mins before I have Dinner with George?	[IN:CREATE_REMINDER, IN:GET_TODO]
reminder	Update the swim schedule reminder.	[IN:UPDATE_REMINDER]
reminder	Remind me to text dad at 9 pm	[IN:CREATE_REMINDER, IN:SEND_MESSAGE, IN:GET_CONTACT]
reminder	Remind me to email Stephanie	[IN:CREATE_REMINDER, IN:SEND_MESSAGE]
reminder	Send my mom a reminder to pick up bread.	[IN:CREATE_REMINDER, IN:GET_CONTACT]
reminder	Please update all reminders that are delivered before 10 am to come 2 times daily.	[IN:UPDATE_REMINDER, IN:GET_RECURRING_DATE_TIME]
reminder	add dishes to my cleaning reminder	[IN:UPDATE_REMINDER_TODO]
reminder	remind Evan to email the sources to me tonight.	[IN:CREATE_REMINDER, IN:SEND_MESSAGE]
reminder	Remind me to reply to Sharon and Catherine's email.	[IN:CREATE_REMINDER, IN:REPLY_MESSAGE]
reminder	Give me details about the next reminder for work	[IN:GET_REMINDER]
reminder	add chey to daycare reminder on tuesday	[IN:UPDATE_REMINDER]
reminder	Remind me to email all my income statements to the mortgage lender	[IN:CREATE_REMINDER, IN:SEND_MESSAGE]
reminder	Set a reminder to message Ed about the gig	[IN:CREATE_REMINDER, IN:SEND_MESSAGE, IN:GET_EVENT]
reminder	Please edit my weekly work reminder to be every other week.	[IN:UPDATE_REMINDER, IN:GET_RECURRING_DATE_TIME, IN:GET_RECURRING_DATE_TIME]
reminder	Change my library book return reminder to every 3 weeks.	[IN:UPDATE_REMINDER, IN:GET_RECURRING_DATE_TIME]
reminder	What time is my reminder with my personal trainer at?	[IN:GET_REMINDER_DATE_TIME, IN:GET_TODO]
reminder	Remind me to send reply to claire	[IN:CREATE_REMINDER, IN:REPLY_MESSAGE]
reminder	What time is my reminder for the lunch date with my friends tomorrow?	[IN:GET_REMINDER_DATE_TIME, IN:GET_TODO, IN:GET_CONTACT]
reminder	Where is the dinners reminder location  set at	[IN:GET_REMINDER_LOCATION]
reminder	Change the toothbrushing reminder to every night at 9pm.	[IN:UPDATE_REMINDER, IN:GET_RECURRING_DATE_TIME]
reminder	Update tomorrow's reminder to include sending a text to Bob	[IN:UPDATE_REMINDER_TODO, IN:SEND_MESSAGE]
reminder	Tell me how many meeting reminders do I have?	[IN:GET_REMINDER_AMOUNT]
reminder	How do I see reminders involving non-work events	[IN:HELP_REMINDER]
reminder	Remind dad to buy new charger for computer	[IN:CREATE_REMINDER, IN:GET_CONTACT]
reminder	Please give me the locations of my next three reminders on Friday September 5th 2018 so I might get directions to each.	[IN:GET_REMINDER_LOCATION]
reminder	Find all of my kids reminders from three weeks ago	[IN:GET_REMINDER, IN:GET_CONTACT]
reminder	Remove all he 2nd reminder to play Kids Bopz CD.	[IN:DELETE_REMINDER]
reminder	Change the reminder for a 6:30 a.m. wake-up.	[IN:UPDATE_REMINDER]
reminder	please add milk to my weekly groceries reminder	[IN:UPDATE_REMINDER_TODO, IN:GET_RECURRING_DATE_TIME]
reminder	Remind me to email Dad tomorrow about seeing his friend on TV.	[IN:CREATE_REMINDER, IN:GET_TODO, IN:SEND_MESSAGE, IN:GET_CONTACT]
reminder	Modify reminder time.	[IN:UPDATE_REMINDER]
reminder	can you alert me about the previous reminder again in 1 hour	[IN:UPDATE_REMINDER_DATE_TIME]
reminder	When is my next reminder for the salon?	[IN:GET_REMINDER_DATE_TIME]
reminder	Set bedtime reminder for my son starting August 20th.	[IN:CREATE_REMINDER, IN:GET_CONTACT]
reminder	I need a reminder to respond to Marilyn's email.	[IN:CREATE_REMINDER, IN:REPLY_MESSAGE]
reminder	What are all my email reminders for this upcoming week?	[IN:GET_REMINDER, IN:SEND_MESSAGE]
reminder	The reminder for next week’s ortho appt needs to be updated.	[IN:UPDATE_REMINDER]
reminder	cancel my most recent reminder	[IN:DELETE_REMINDER]
reminder	When is my reminder for Lamaze class	[IN:GET_REMINDER_DATE_TIME]
reminder	Delete the last reminder I set.	[IN:DELETE_REMINDER]
reminder	I need to text Nicquana tonight at 7pm. Can you remind me?	[IN:CREATE_REMINDER, IN:SEND_MESSAGE]
reminder	How many reminders are set for this week?	[IN:GET_REMINDER_AMOUNT]
reminder	I need to email Jane in the morning; remind me at 7:45 am.	[IN:CREATE_REMINDER, IN:GET_TODO, IN:SEND_MESSAGE]
reminder	When is my last reminder for Tuesday?	[IN:GET_REMINDER_DATE_TIME]
reminder	Remind me to send a message to my mom about the car by the end of the day today.	[IN:CREATE_REMINDER, IN:SEND_MESSAGE, IN:GET_CONTACT]
reminder	Change workout daily reminders to weekly reminders.	[IN:UPDATE_REMINDER, IN:GET_RECURRING_DATE_TIME, IN:GET_RECURRING_DATE_TIME]
reminder	Set up a reminder for my husband to take the trash out on Tuesday night (Pacific Time) because I will be traveling out of the city for that day.	[IN:CREATE_REMINDER, IN:GET_CONTACT, IN:GET_TODO]
reminder	Delete my reminder for breakfast plans with my girlfriends tomorrow.	[IN:DELETE_REMINDER, IN:GET_TODO, IN:GET_CONTACT]
reminder	When's the upcoming reminder to meet my financial advisor?	[IN:GET_REMINDER_DATE_TIME]
reminder	Remind my sister to modify her dentist appointment	[IN:CREATE_REMINDER, IN:GET_CONTACT]
reminder	What street address is my recurring massage reminder on?	[IN:GET_REMINDER_LOCATION]
reminder	Can you remind my sister to send mom birthday card tomorrow morning?	[IN:CREATE_REMINDER, IN:GET_CONTACT]
reminder	I want you to show me all the reminders I have with my friends for this week.	[IN:GET_REMINDER, IN:GET_TODO, IN:GET_CONTACT]
reminder	Change my weekly reminders to every other week.	[IN:UPDATE_REMINDER, IN:GET_RECURRING_DATE_TIME, IN:GET_RECURRING_DATE_TIME]
reminder	Remove reminder to email my son's school.	[IN:DELETE_REMINDER, IN:SEND_MESSAGE]
reminder	Remind Mom to buy dad a birthday present Wednesday.	[IN:CREATE_REMINDER, IN:GET_CONTACT]
reminder	i want to cancel my next reminder	[IN:DELETE_REMINDER]
reminder	I need help deleting a reminder I have set up	[IN:HELP_REMINDER]
reminder	change alert to 7:30am everyday fo the next 2 weeks	[IN:UPDATE_REMINDER, IN:GET_RECURRING_DATE_TIME]
reminder	Modify dog food reminder.	[IN:UPDATE_REMINDER]
reminder	Adjust my monthly reminder about organizing my office to a bi-weekly reminder	[IN:UPDATE_REMINDER, IN:GET_RECURRING_DATE_TIME, IN:GET_RECURRING_DATE_TIME]
reminder	When is my next reminder for today?	[IN:GET_REMINDER_DATE_TIME]
reminder	how many lunch reminders do i have total this week?	[IN:GET_REMINDER_AMOUNT]
reminder	Remind me to text James that I can meet him for brunch on Sunday at 11am	[IN:CREATE_REMINDER, IN:SEND_MESSAGE]
reminder	please change our monthly meeting reminder to weekly	[IN:UPDATE_REMINDER, IN:GET_RECURRING_DATE_TIME, IN:GET_RECURRING_DATE_TIME]
reminder	Remind me to email Karen before the end of the day	[IN:CREATE_REMINDER, IN:SEND_MESSAGE]
reminder	Remind me to send Susan an email about the meeting tonight	[IN:CREATE_REMINDER, IN:SEND_MESSAGE, IN:GET_EVENT]
reminder	Remind me at 3 pm to email Tom about the details of the meeting next Tuesday.	[IN:CREATE_REMINDER, IN:SEND_MESSAGE, IN:GET_EVENT]
reminder	Add prescription refills to my reminder list for Thursday	[IN:UPDATE_REMINDER_TODO]
reminder	Remind mom to pick me up at 5pm.	[IN:CREATE_REMINDER, IN:GET_CONTACT]
reminder	what is the location of my next reminders	[IN:GET_REMINDER_LOCATION]
reminder	Update my work reminders	[IN:UPDATE_REMINDER]
reminder	Remind me to reply to Amy that we will be able to attend the surprise party for Lori.	[IN:CREATE_REMINDER, IN:REPLY_MESSAGE]
reminder	can you show me what my last reminder was	[IN:GET_REMINDER]
reminder	Remind me to text Christen, Hannah, Kaitlin, and James about dinner on Wednesday.	[IN:CREATE_REMINDER, IN:SEND_MESSAGE, IN:GET_EVENT]
reminder	change the reminder for charlie on saturday until 2	[IN:UPDATE_REMINDER]
reminder	When is my next reminder for my medicine?	[IN:GET_REMINDER_DATE_TIME]
reminder	Where is the reminder about the next oil change for my car	[IN:GET_REMINDER_LOCATION]
reminder	Do I have any reminders set for my next work meeting?	[IN:GET_REMINDER]
reminder	Add Game of Thrones to my Sunday night TV DVR reminder.	[IN:UPDATE_REMINDER_TODO]
reminder	Add walking the dog reminder to my chores list.	[IN:UPDATE_REMINDER_TODO]
reminder	Change my gym reminder to 5:30AM every day.	[IN:UPDATE_REMINDER, IN:GET_RECURRING_DATE_TIME]
reminder	How do I set up a reminder?	[IN:HELP_REMINDER]
reminder	Set a reminder to reply back to email from Shannon	[IN:CREATE_REMINDER, IN:REPLY_MESSAGE]
reminder	Show me next voice lesson reminder.	[IN:GET_REMINDER]
reminder	Remind me to email my resume to the hospital tomorrow	[IN:CREATE_REMINDER, IN:SEND_MESSAGE]
reminder	Where is tomorrow's dinner reminder taking place?	[IN:GET_REMINDER_LOCATION]
reminder	Setup a weekly reminder to email choir members regarding practise.	[IN:CREATE_REMINDER, IN:GET_RECURRING_DATE_TIME, IN:SEND_MESSAGE]
reminder	Change the reminder to take out the trash nightly.	[IN:UPDATE_REMINDER, IN:GET_RECURRING_DATE_TIME]
reminder	How many reminders do I have?	[IN:GET_REMINDER_AMOUNT]
reminder	Add to go buy the medicines before, on the reminder with my father.	[IN:UPDATE_REMINDER_TODO, IN:GET_CONTACT]
reminder	please update my daily reminder to be weekly	[IN:UPDATE_REMINDER, IN:GET_RECURRING_DATE_TIME, IN:GET_RECURRING_DATE_TIME]
reminder	Alert me to write on Mondays at 5pm instead of Tuesdays.	[IN:UPDATE_REMINDER, IN:GET_RECURRING_DATE_TIME, IN:GET_RECURRING_DATE_TIME]
reminder	Tell me about the next 5 reminders	[IN:GET_REMINDER]
reminder	please change the reminder to meet jeff tomorrow instead of darryl	[IN:UPDATE_REMINDER_TODO]
reminder	Please tell me how many reminders I have for school activities.	[IN:GET_REMINDER_AMOUNT]
reminder	add soccer to the kids activities reminder	[IN:UPDATE_REMINDER_TODO]
reminder	Remind me about my dinner with my friend betty at 8pm	[IN:CREATE_REMINDER, IN:GET_TODO, IN:GET_CONTACT]
reminder	What reminders does my husband Mark have for this month	[IN:GET_REMINDER, IN:GET_CONTACT]
reminder	can you tell me when my next four dinner with dad reminders are	[IN:GET_REMINDER_DATE_TIME, IN:GET_TODO]
reminder	When is my next quarterly report reminder	[IN:GET_REMINDER_DATE_TIME]
reminder	Change the reminder for me to change filters to monthly on the first.	[IN:UPDATE_REMINDER, IN:GET_RECURRING_DATE_TIME]
reminder	Make my vitamin reminder a daily reminder at 8am.	[IN:UPDATE_REMINDER, IN:GET_RECURRING_DATE_TIME]
reminder	Display my next reminder	[IN:GET_REMINDER]
reminder	When is the next reminder for my dental appointment?	[IN:GET_REMINDER_DATE_TIME]
reminder	How many reminders do I have for October?	[IN:GET_REMINDER_AMOUNT]
reminder	Add Dishes to Hayden's chore reminder.	[IN:UPDATE_REMINDER_TODO]
reminder	Can you please update the reminder about my pilates class from bi-weekly to weekly?	[IN:UPDATE_REMINDER, IN:GET_RECURRING_DATE_TIME, IN:GET_RECURRING_DATE_TIME]
reminder	Remind me to shoot an email to my son's teacher for missing school today.	[IN:CREATE_REMINDER, IN:SEND_MESSAGE]
reminder	Tell me how many reminders I have next week.	[IN:GET_REMINDER_AMOUNT]
reminder	Remind me to forward the schedules to all employees by Wednesday at 7pm.	[IN:CREATE_REMINDER, IN:SEND_MESSAGE]
reminder	remind me at 3pm that I am going for a walk with my sister today	[IN:CREATE_REMINDER, IN:GET_TODO, IN:GET_CONTACT]
reminder	update my payroll reminder to biweekly fridays instead of monthly	[IN:UPDATE_REMINDER, IN:GET_RECURRING_DATE_TIME, IN:GET_RECURRING_DATE_TIME]
reminder	Add choose outfit for school to my daily college routine reminder	[IN:UPDATE_REMINDER_TODO, IN:GET_RECURRING_DATE_TIME]
reminder	When's my next dinner reminder	[IN:GET_REMINDER_DATE_TIME]
reminder	How does the reminder notification sound when it plays out loud	[IN:HELP_REMINDER]
reminder	Remind me to respond to Trish's email regarding supplies needing to be ordered	[IN:CREATE_REMINDER, IN:REPLY_MESSAGE]
reminder	Remind me where is my appointment	[IN:GET_REMINDER_LOCATION]
reminder	Cancel my next reminder.	[IN:DELETE_REMINDER]
reminder	Add ironing and vacuuming to my Thursday reminders.	[IN:UPDATE_REMINDER_TODO]
reminder	Change my reminder to feed the dog so it occurs daily.	[IN:UPDATE_REMINDER, IN:GET_RECURRING_DATE_TIME]
reminder	add picking up dog food to reminder	[IN:UPDATE_REMINDER_TODO]
reminder	Remind my husband to pick up my prescription tomorrow.	[IN:CREATE_REMINDER, IN:GET_CONTACT]
reminder	How many reminders do I have set for tuesday	[IN:GET_REMINDER_AMOUNT]
reminder	Send a reminder to my friends about our brunch tomorrow at 2 pm	[IN:CREATE_REMINDER, IN:GET_CONTACT]
reminder	Please update our weekly dinner reminder to be monthly.	[IN:UPDATE_REMINDER, IN:GET_RECURRING_DATE_TIME, IN:GET_RECURRING_DATE_TIME]
reminder	Did I set a location for Jennifer's birthday party reminder	[IN:GET_REMINDER_LOCATION]
reminder	Remind me tomorrow of my dinner with my brother	[IN:CREATE_REMINDER, IN:GET_TODO, IN:GET_CONTACT]
reminder	Change  my next reminder to 9pm.	[IN:UPDATE_REMINDER_DATE_TIME]
reminder	Remove the reminder about Saturday's meeting with my friends.	[IN:DELETE_REMINDER, IN:GET_TODO, IN:GET_CONTACT]
reminder	Update the ski group reminder to specify we're meeting at the old location	[IN:UPDATE_REMINDER_TODO]
reminder	Modify tomorrow's wake up reminder for my daughter.	[IN:UPDATE_REMINDER, IN:GET_CONTACT]
reminder	are there more than ten reminders set currently	[IN:GET_REMINDER_AMOUNT]
reminder	Add kale to my grocery reminder list.	[IN:UPDATE_REMINDER_TODO]
reminder	Remind me how many reminders I have set today.	[IN:GET_REMINDER_AMOUNT]
reminder	can you remind my sister to send our mom a birthday card	[IN:CREATE_REMINDER, IN:GET_CONTACT]
reminder	when was my last reminder to feed the humming birds	[IN:GET_REMINDER_DATE_TIME]
reminder	how many reminders do i have set over the weekend?	[IN:GET_REMINDER_AMOUNT]
reminder	Cancel my third reminder on this list.	[IN:DELETE_REMINDER]
reminder	Ad pick up dry cleaning to my Monday reminders.	[IN:UPDATE_REMINDER_TODO]
reminder	Delete my first reminder for today.	[IN:DELETE_REMINDER]
reminder	When is my next reminder for my car maintenance tune-up?	[IN:GET_REMINDER_DATE_TIME]
reminder	Remind me to email my cousin Sabrina Tuesday morning.	[IN:CREATE_REMINDER, IN:SEND_MESSAGE, IN:GET_CONTACT]
reminder	Can you remind my sons to wish their grandpa a happy birthday on September 10th?	[IN:CREATE_REMINDER, IN:GET_CONTACT]
reminder	Show me where my lunch reminder is for ..	[IN:GET_REMINDER_LOCATION]
reminder	Please remind me to email Cale about the status of the water filter shipment	[IN:CREATE_REMINDER, IN:SEND_MESSAGE]
reminder	Set a reminder for my son - turn in homework.	[IN:CREATE_REMINDER, IN:GET_CONTACT]
reminder	Change the reminder to check for photo contests to weekly	[IN:UPDATE_REMINDER, IN:GET_RECURRING_DATE_TIME]
reminder	can you update my reminder for shopping tomorrow to go after work	[IN:UPDATE_REMINDER_TODO]
reminder	remind my mom about her doctor appointment on Friday	[IN:CREATE_REMINDER, IN:GET_CONTACT]
reminder	remind me to email the team about practice on Thursday at 6:00	[IN:CREATE_REMINDER, IN:SEND_MESSAGE]
reminder	Can you give me the location of my airport pick up reminder?	[IN:GET_REMINDER_LOCATION]
reminder	I need all the reminders that I had with my mother for the weekend of Labor Day	[IN:GET_REMINDER, IN:GET_TODO, IN:GET_CONTACT]
reminder	To Change the reminder about the bus tour from 25 people arriving 246 people arriving	[IN:UPDATE_REMINDER_TODO]
reminder	Please tell me the location of my therapy session reminder.	[IN:GET_REMINDER_LOCATION]
reminder	remind all my kids about the concert friday night	[IN:CREATE_REMINDER, IN:GET_CONTACT]
reminder	Please remind me to respond to my mom's text message after I get out of class at 6:35pm.	[IN:CREATE_REMINDER, IN:GET_TODO, IN:REPLY_MESSAGE, IN:GET_CONTACT]
reminder	How many football game reminders do we have for next week?	[IN:GET_REMINDER_AMOUNT]
reminder	Remind me to text Marisa ""Happy Birthday"" on April 2nd.	[IN:CREATE_REMINDER, IN:SEND_MESSAGE]
reminder	Make an edit to the reminder and include Jose on it	[IN:UPDATE_REMINDER]
reminder	add dusting to the reminder for the cleaning lady	[IN:UPDATE_REMINDER_TODO]
reminder	Remind me to send Eric an email about the presentation Monday.	[IN:CREATE_REMINDER, IN:SEND_MESSAGE]
reminder	Update the reminder to pay rent to every other Friday instead of monthly.	[IN:UPDATE_REMINDER, IN:GET_RECURRING_DATE_TIME, IN:GET_RECURRING_DATE_TIME]
reminder	Where is the lunch meeting reminder happening?	[IN:GET_REMINDER_LOCATION]
reminder	Remind me to email Sam about the building blueprint Thursday at 4pm.	[IN:CREATE_REMINDER, IN:SEND_MESSAGE]
reminder	Add lettuce and potatoes to my grocery list reminder.	[IN:UPDATE_REMINDER_TODO]
reminder	Can you change the reminder, that my fish needs to be fed daily instead.	[IN:UPDATE_REMINDER, IN:GET_RECURRING_DATE_TIME]
reminder	Remind me to pay the gardener every month instead of every week	[IN:UPDATE_REMINDER, IN:GET_RECURRING_DATE_TIME, IN:GET_RECURRING_DATE_TIME]
reminder	Where is it that I have to go in my reminder for next week.	[IN:GET_REMINDER_LOCATION]
reminder	add to my reminder for an oil change to rotate the tires	[IN:UPDATE_REMINDER_TODO]
reminder	Remind me to shoot an email to Theresa  about the meeting tonight	[IN:CREATE_REMINDER, IN:SEND_MESSAGE, IN:GET_EVENT]
reminder	Change the reminder to pay bills to be twice a week.	[IN:UPDATE_REMINDER, IN:GET_RECURRING_DATE_TIME]
reminder	Update this week's meal prep reminder to include extra protein	[IN:UPDATE_REMINDER_TODO]
reminder	Change my weekly tv reminder to include The Four on Thursdays.	[IN:UPDATE_REMINDER_TODO, IN:GET_RECURRING_DATE_TIME, IN:GET_RECURRING_DATE_TIME]
reminder	How many reminders are set for this week?	[IN:GET_REMINDER_AMOUNT]
reminder	How many reminders do I have with AJ?	[IN:GET_REMINDER_AMOUNT, IN:GET_TODO]
reminder	how many reminders do i have on saturday	[IN:GET_REMINDER_AMOUNT]
reminder	change reminder about drinking water to every 3 hours	[IN:UPDATE_REMINDER, IN:GET_RECURRING_DATE_TIME]
reminder	Find the location reminder for corporate dinner.	[IN:GET_REMINDER_LOCATION]
reminder	Show my location reminder for my dinner date with Lubhna.	[IN:GET_REMINDER_LOCATION, IN:GET_TODO]
reminder	change my cat food reminder to every other day	[IN:UPDATE_REMINDER, IN:GET_RECURRING_DATE_TIME]
reminder	Can you please change the name of the Edit AT reminder to Write SSC?	[IN:UPDATE_REMINDER_TODO]
reminder	remind me to email the report at 10:20 am at 10:10 am	[IN:CREATE_REMINDER, IN:GET_TODO, IN:SEND_MESSAGE]
reminder	How many shopping reminders do I have for this weekend?	[IN:GET_REMINDER_AMOUNT]
reminder	Remind me to tell Chelsea we're meeting at Fred Meyer instead of Safeway	[IN:CREATE_REMINDER, IN:SEND_MESSAGE]
reminder	Please make my weekly Band practice reminder monthly instead.	[IN:UPDATE_REMINDER, IN:GET_RECURRING_DATE_TIME, IN:GET_RECURRING_DATE_TIME]
reminder	Where is my book club reminder with Tom?	[IN:GET_REMINDER_LOCATION, IN:GET_TODO]
reminder	Remind me to email Urmila about the job opportunity	[IN:CREATE_REMINDER, IN:SEND_MESSAGE]
reminder	remind me to reply to mikes email sunday night at 9pm	[IN:CREATE_REMINDER, IN:REPLY_MESSAGE]
reminder	How many reminders do i have for next week	[IN:GET_REMINDER_AMOUNT]
reminder	Add to my dinner reminder an alert to take my pills	[IN:UPDATE_REMINDER_TODO]
reminder	Add the list of diet food in all the reminders about grocery shopping	[IN:UPDATE_REMINDER_TODO]
reminder	remove mom from tonight's reminder	[IN:UPDATE_REMINDER, IN:GET_CONTACT]
reminder	remind me to text Will about the fishing boat in florida	[IN:CREATE_REMINDER, IN:SEND_MESSAGE]
reminder	Where am I supposed to meet for my next reminder	[IN:GET_REMINDER_LOCATION]
reminder	How many reminders do I have next month?	[IN:GET_REMINDER_AMOUNT]
reminder	Whats the location of my next family reminder?	[IN:GET_REMINDER_LOCATION]
reminder	How many reminders do I have today?	[IN:GET_REMINDER_AMOUNT]
reminder	I need to zip Eddie an email containing details about Tuesday's practice; please remind me every half hour until 11pm.	[IN:CREATE_REMINDER, IN:SEND_MESSAGE, IN:GET_EVENT, IN:GET_RECURRING_DATE_TIME]
reminder	I need to invite Kevin and Jane to dinner -- please send me a reminder to email them tomorrow	[IN:CREATE_REMINDER, IN:SEND_MESSAGE]
reminder	Remind me to text Minky about the concert on Thursday.	[IN:CREATE_REMINDER, IN:SEND_MESSAGE, IN:GET_EVENT]
reminder	Change my Monday night show reminders to Sunday nights.	[IN:UPDATE_REMINDER, IN:GET_RECURRING_DATE_TIME]
reminder	Create a change to my weekly dance class reminder, to Tuesdays instead of Wednesdays.	[IN:UPDATE_REMINDER, IN:GET_RECURRING_DATE_TIME, IN:GET_RECURRING_DATE_TIME, IN:GET_RECURRING_DATE_TIME]
reminder	Add mopping floors to my chores reminder this Friday.	[IN:UPDATE_REMINDER_TODO]
reminder	Change my diet meal reminders from 3 hours to 2 1/2 hours daily.	[IN:UPDATE_REMINDER, IN:GET_RECURRING_DATE_TIME]
reminder	repeat this reminder weekly	[IN:UPDATE_REMINDER, IN:GET_RECURRING_DATE_TIME]
reminder	remind me to email laurie that i cannot be at dinner	[IN:CREATE_REMINDER, IN:SEND_MESSAGE]
reminder	Remind me to email Eva about dad's birthday celebration next week.	[IN:CREATE_REMINDER, IN:SEND_MESSAGE, IN:GET_EVENT, IN:GET_CONTACT]
reminder	Update the dog reminder to dog and cat.	[IN:UPDATE_REMINDER_TODO]
reminder	locate the peaches reminder and note that the market is opening late	[IN:UPDATE_REMINDER_TODO]
reminder	set a reminder for my husband mark to go to jury duty at 7am on september 13th`	[IN:CREATE_REMINDER, IN:GET_CONTACT]
reminder	Remind me to email Stephen about work conference.	[IN:CREATE_REMINDER, IN:SEND_MESSAGE]
reminder	Ad watering the lawn to the list of my chores reminder.	[IN:UPDATE_REMINDER_TODO]
reminder	Add beer to my weekly shopping reminder.  I need it.	[IN:UPDATE_REMINDER_TODO, IN:GET_RECURRING_DATE_TIME]
reminder	How many reminders to I have	[IN:GET_REMINDER_AMOUNT]
reminder	Please update my reminder to do routine computer maintenance to reflect defragmenting the hard disk.	[IN:UPDATE_REMINDER_TODO]
reminder	What is the location of the reminders for my sister for her birthday party?	[IN:GET_REMINDER_LOCATION, IN:GET_CONTACT]
reminder	Change the reminder to send a Best of Luck email to Vrinda from the 20th to the 24th.	[IN:UPDATE_REMINDER_DATE_TIME, IN:SEND_MESSAGE]
reminder	Update my reminder to cook Chicken BIriyani and raita for Mona's birthday party, instead of Chappatis and Chicken Kurma.	[IN:UPDATE_REMINDER_TODO]
reminder	Remind me to text Chunky about the house plan approval.	[IN:CREATE_REMINDER, IN:SEND_MESSAGE]
reminder	How many reminders do I have set for Saturday after 5 pm?	[IN:GET_REMINDER_AMOUNT]
reminder	remind me to respond to rochell email	[IN:CREATE_REMINDER, IN:REPLY_MESSAGE]
reminder	Change the alert for buying eggs on my grocery list to buying egg beaters.	[IN:UPDATE_REMINDER_TODO]
reminder	How do I make a reminder for recurring events?	[IN:HELP_REMINDER]
reminder	How many reminders do I have for tomorrow?	[IN:GET_REMINDER_AMOUNT]
reminder	how many reminders do I have set for Friday evening?	[IN:GET_REMINDER_AMOUNT]
reminder	Show me how to make a reminder for the first week of each month of the year	[IN:HELP_REMINDER]
reminder	Delete the reminder to send a friend anniversary message to Maura on Facebook.	[IN:DELETE_REMINDER, IN:SEND_MESSAGE]
reminder	How many reminders are set for this weekend after 5:00 pm?	[IN:GET_REMINDER_AMOUNT]
reminder	Where is location of the reminder I have set for picking up my sister?	[IN:GET_REMINDER_LOCATION]
reminder	How many reminders are listed this week for school?	[IN:GET_REMINDER_AMOUNT]
reminder	Delete Ava on Parents group meeting reminder.	[IN:UPDATE_REMINDER]
reminder	How many grocery store reminders do I have for this month?	[IN:GET_REMINDER_AMOUNT]
reminder	Add Lindsey to all reminders related to Ava's soccer games	[IN:UPDATE_REMINDER]
reminder	How do I see my reminders for dental examination?	[IN:HELP_REMINDER]
reminder	Set up a weekly reminder to email the team about updates on Friday Morning	[IN:CREATE_REMINDER, IN:GET_RECURRING_DATE_TIME, IN:GET_TODO, IN:SEND_MESSAGE]
reminder	How do I see all my reminders for the cancer walk fundraiser starting on Monday	[IN:HELP_REMINDER]
reminder	Change the reminder to send an 'I love you' message to my sister on facebook from  the 19th to the 23rd.	[IN:UPDATE_REMINDER_DATE_TIME, IN:SEND_MESSAGE, IN:GET_CONTACT]
reminder	how many more reminders do I have left for work today? is it more than 5	[IN:GET_REMINDER_AMOUNT, IN:GET_TODO]
reminder	Please add Cecilia to my doctor's appointment reminder.	[IN:UPDATE_REMINDER]
reminder	Please send my sister Donna a reminder tomorrow about Keith's surgery on Wednesday	[IN:CREATE_REMINDER, IN:GET_CONTACT, IN:GET_TODO]
reminder	How many reminders do I have in December	[IN:GET_REMINDER_AMOUNT]
reminder	please remind me on Saturday at 9 am to leave Justin a message about the upcoming meeting on Monday	[IN:CREATE_REMINDER, IN:SEND_MESSAGE, IN:GET_EVENT]
reminder	Location of my next reminder?	[IN:GET_REMINDER_LOCATION]
reminder	What location is my reminder at for tomorrow?	[IN:GET_REMINDER_LOCATION]
reminder	Remind me to reply to Nancy's email about lunch on Friday.	[IN:CREATE_REMINDER, IN:REPLY_MESSAGE]
reminder	how many reminders did i set for the party planning?	[IN:GET_REMINDER_AMOUNT]
reminder	remove Jim from our reminder for the party next wednesday	[IN:UPDATE_REMINDER]
reminder	How many reminders are set for the week	[IN:GET_REMINDER_AMOUNT]
reminder	how many reminders are currently set for paying bills	[IN:GET_REMINDER_AMOUNT]
reminder	Show me the location where I am supposed to me Susan, from my reminder earlier today	[IN:GET_REMINDER_LOCATION]
reminder	How can I see my reminders?	[IN:HELP_REMINDER]
reminder	Remind me to email Michelle on Tuesday about the recital	[IN:CREATE_REMINDER, IN:GET_TODO, IN:SEND_MESSAGE]
reminder	Add alicia to the group reminder for friday at 5.	[IN:UPDATE_REMINDER]
reminder	How do I find my reminders for this month?	[IN:HELP_REMINDER]
reminder	Remind me to email Dr.Lightdale back tomorrow	[IN:CREATE_REMINDER, IN:REPLY_MESSAGE]
reminder	Where does tomorrow's reminder say I need to meet up with Tammy?	[IN:GET_REMINDER_LOCATION, IN:GET_TODO]
reminder	set weekly reminder to email the test result to the cheer team saturday	[IN:CREATE_REMINDER, IN:GET_RECURRING_DATE_TIME, IN:GET_TODO, IN:SEND_MESSAGE]
reminder	Show me the location of the next boys   reminder meet up that i have planned	[IN:GET_REMINDER_LOCATION]
reminder	display the party location for my reminder next week	[IN:GET_REMINDER_LOCATION]
reminder	include my sister on the reminder for mom's birthday	[IN:UPDATE_REMINDER, IN:GET_CONTACT]
reminder	how many workout reminders do i have this week?	[IN:GET_REMINDER_AMOUNT]
reminder	Show my locationreminder for Trucks & Travel meet up on Saturday.	[IN:GET_REMINDER_LOCATION]
reminder	Give me the reminder for the name of the farm where Tanner is getting married.	[IN:GET_REMINDER_LOCATION]
reminder	How many reminders do I have next week for work?	[IN:GET_REMINDER_AMOUNT]
reminder	How many reminders do I have set for this month?	[IN:GET_REMINDER_AMOUNT]
reminder	remind me of where my next meeting is located.	[IN:GET_REMINDER_LOCATION]
reminder	Remind me to email Marie Sunday morning.	[IN:CREATE_REMINDER, IN:SEND_MESSAGE]
reminder	How do I view all of my reminders?	[IN:HELP_REMINDER]
reminder	How many reminders do I have for Carl?	[IN:GET_REMINDER_AMOUNT]
reminder	Remind me to answer Carla’s email to let her know I can’t attend her luncheon	[IN:CREATE_REMINDER, IN:REPLY_MESSAGE]
reminder	How many reminders are scheduled for tomorrow?	[IN:GET_REMINDER_AMOUNT]
reminder	Where my dinner reminder?	[IN:GET_REMINDER_LOCATION]
reminder	Remind me to send Enrichment emails to teachers on Monday	[IN:CREATE_REMINDER, IN:SEND_MESSAGE, IN:GET_CONTACT]
reminder	where is the location for my work meeting reminder	[IN:GET_REMINDER_LOCATION]
reminder	how many reminders do I have today	[IN:GET_REMINDER_AMOUNT]
reminder	What location is Jim's birthday party bash reminder set for?	[IN:GET_REMINDER_LOCATION]
reminder	Where is my weekend reminder with Kris?	[IN:GET_REMINDER_LOCATION, IN:GET_TODO]
reminder	set an alert for tuesday at 6pm to message mike about the gathering	[IN:CREATE_REMINDER, IN:SEND_MESSAGE, IN:GET_EVENT]
reminder	Remind me to send flowers to my wife on her birthday.	[IN:CREATE_REMINDER, IN:GET_BIRTHDAY]
reminder	How can I see my work reminders for September?	[IN:HELP_REMINDER]
reminder	Remind me in 4 hours to reply to Bob's message.	[IN:CREATE_REMINDER, IN:REPLY_MESSAGE]
reminder	Is there any way I can change the reminders dinner time to 5pm	[IN:HELP_REMINDER]
reminder	get all weekly reminders from aunt fran about garden center	[IN:GET_REMINDER, IN:GET_RECURRING_DATE_TIME, IN:GET_CONTACT]
reminder	I want to add Dave to the reminder for our meeting this afternoon	[IN:UPDATE_REMINDER]
reminder	Where is my breakfast reminder for Wednesday?	[IN:GET_REMINDER_LOCATION]
reminder	Add my sister to the Sunday's mass reminder	[IN:UPDATE_REMINDER, IN:GET_CONTACT]
reminder	Remove Gary from all reminders I have setup with him included.	[IN:UPDATE_REMINDER]
reminder	how can I find all of my june reminders?	[IN:HELP_REMINDER]
reminder	How can I see what reminder I have for Christmas?	[IN:HELP_REMINDER]
reminder	Show me how to cancel reminders manually.	[IN:HELP_REMINDER]
reminder	what is the location of my next reminder	[IN:GET_REMINDER_LOCATION]
reminder	how can i remove all reminders about my ex boyfriend	[IN:HELP_REMINDER]
reminder	Delete the reminder to send videos to Lisa on Kelly's accident.	[IN:DELETE_REMINDER, IN:SEND_MESSAGE]
reminder	how many reminders do i have set for dr appointments this month	[IN:GET_REMINDER_AMOUNT]
reminder	How do I get a list of all my reminders for a place and time	[IN:HELP_REMINDER]
reminder	how many reminders are there	[IN:GET_REMINDER_AMOUNT]
reminder	Remind me to send Jennifer an email about next weeks meeting	[IN:CREATE_REMINDER, IN:SEND_MESSAGE, IN:GET_EVENT]
reminder	Where is my dinner reminder?	[IN:GET_REMINDER_LOCATION]
reminder	Check my reminders for the location of the meeting this afternoon.	[IN:GET_REMINDER_LOCATION]
reminder	Remind me to reply to Brad about tomorrow's plans to see a flick.	[IN:CREATE_REMINDER, IN:REPLY_MESSAGE]
reminder	Add Melinda to dining group reminder.	[IN:UPDATE_REMINDER]
reminder	Remind me to email professor about exam grade today	[IN:CREATE_REMINDER, IN:GET_TODO, IN:SEND_MESSAGE]
reminder	Where are my reminders for Dad's birthday party	[IN:GET_REMINDER_LOCATION]
reminder	Remind Dad, Uncle Charles, Uncle Jimmy, Jason and myself on Friday night to pack for our fishing trip on Saturday morning.	[IN:CREATE_REMINDER, IN:GET_CONTACT, IN:GET_CONTACT, IN:GET_CONTACT, IN:GET_TODO]
reminder	Did I set a location for the concerts reminder	[IN:GET_REMINDER_LOCATION]
reminder	Remind me to reply to Steve and tell him we need to reschedule our meeting.	[IN:CREATE_REMINDER, IN:REPLY_MESSAGE]
reminder	Remind me to send an email to all IT group members that the team building excursion will be canceled due to bad weather at 2:00 pm.	[IN:CREATE_REMINDER, IN:SEND_MESSAGE]
reminder	remind those invited to the event I'm hosting this week that the event begins at 6 pm	[IN:CREATE_REMINDER, IN:GET_EVENT_ATTENDEE]
reminder	I need to a reminder to reply to Chris's email about the water bill so set the reminder for tomorrow night.	[IN:CREATE_REMINDER, IN:REPLY_MESSAGE]
reminder	I want to change a reminder	[IN:HELP_REMINDER]
reminder	Remind me about my dinner with my friend betty at 8pm	[IN:CREATE_REMINDER, IN:GET_TODO, IN:GET_CONTACT]
reminder	Remind me to reply to Eleanor about her project idea at 10 am tomorrow morning.	[IN:CREATE_REMINDER, IN:REPLY_MESSAGE]
reminder	Hey, where's my reminder	[IN:GET_REMINDER_LOCATION]
reminder	Remind me to reply to John's email tonight at 7:00 pm.	[IN:CREATE_REMINDER, IN:REPLY_MESSAGE]
reminder	Help me set an appointment reminder for my interview at 2pm	[IN:HELP_REMINDER]
reminder	Set up a reminder to email Richard about the game on Tuesday.	[IN:CREATE_REMINDER, IN:SEND_MESSAGE, IN:GET_EVENT]
reminder	I need to add Chuck to the surprise party reminder next weekend.	[IN:UPDATE_REMINDER]
reminder	Add Bob to my reminder regarding employment.	[IN:UPDATE_REMINDER]
reminder	Where is the reminder for Tanya's party on Sunday?	[IN:GET_REMINDER_LOCATION]
reminder	how can i change a time that a reminder is set for	[IN:HELP_REMINDER]
reminder	Change the reminder for John and not Tim.	[IN:UPDATE_REMINDER]
reminder	add Brad to the party reminder for mom and dad	[IN:UPDATE_REMINDER, IN:GET_CONTACT, IN:GET_CONTACT]
reminder	Remind me to reply to Vickie that I can meet with her on Monday	[IN:CREATE_REMINDER, IN:REPLY_MESSAGE]
reminder	Help me change a reminder time.	[IN:HELP_REMINDER]
reminder	Update my reminder for my meeting with Mary Spear to include Linda Adams and Pam Morgan.	[IN:UPDATE_REMINDER]
reminder	set a reminder for me to reply to james' text at 4 pm	[IN:CREATE_REMINDER, IN:REPLY_MESSAGE]
reminder	Remind me to send Jennifer an email about next weeks meeting	[IN:CREATE_REMINDER, IN:SEND_MESSAGE, IN:GET_EVENT]
reminder	How do I change the time of an already set reminder?	[IN:HELP_REMINDER]
reminder	Add Chris to the reminders for pool league this month.	[IN:UPDATE_REMINDER]
reminder	Please show me reminders about lunch dates with my friends Sally and Diane	[IN:GET_REMINDER, IN:GET_TODO, IN:GET_CONTACT]
reminder	Is there away to pull a list off all the reminders I have missed in the past year	[IN:HELP_REMINDER]
reminder	remind me to reply to susan	[IN:CREATE_REMINDER, IN:REPLY_MESSAGE]
reminder	change my meeting alert with kim to Lisa	[IN:UPDATE_REMINDER]
reminder	show me the reminder for the theater night with co-workers next month	[IN:GET_REMINDER, IN:GET_TODO, IN:GET_CONTACT]
reminder	Send me a reminder to send an email to Gretchen about dinner on  Friday.	[IN:CREATE_REMINDER, IN:SEND_MESSAGE, IN:GET_EVENT]
reminder	Remind Uncle Max to feed the pets every day at 10am this week.	[IN:CREATE_REMINDER, IN:GET_CONTACT, IN:GET_RECURRING_DATE_TIME]
reminder	Remind me to send my email reply to Maddy tonight.	[IN:CREATE_REMINDER, IN:REPLY_MESSAGE]
reminder	Help me find the reminders for all the new fall shows I want to watch	[IN:HELP_REMINDER]
reminder	remove Steve from my group reminder for my party for mom and day	[IN:UPDATE_REMINDER]
reminder	Help me make a reminder for my classes this semester.	[IN:HELP_REMINDER]
reminder	Remind me to reply to Jim about our lunch meeting	[IN:CREATE_REMINDER, IN:REPLY_MESSAGE, IN:GET_EVENT]
reminder	remind me the breakfast with my friend vicki please	[IN:CREATE_REMINDER, IN:GET_TODO, IN:GET_CONTACT]
reminder	Remind me to reply to Judy's email in one hour.	[IN:CREATE_REMINDER, IN:REPLY_MESSAGE]
reminder	add chris to the list of reminders for the party on tuesday	[IN:UPDATE_REMINDER]
reminder	Remind me to send an email to Taylor with the location for the meeting.	[IN:CREATE_REMINDER, IN:SEND_MESSAGE, IN:GET_EVENT]
reminder	Remind me to answer the email from Samantha. Set up an alert for 12pm	[IN:CREATE_REMINDER, IN:REPLY_MESSAGE]
reminder	Cancel reminder to text Juan about the concert this afternoon.	[IN:DELETE_REMINDER, IN:SEND_MESSAGE, IN:GET_EVENT]
reminder	remind me to respond to Jeffrey's email at 5pm	[IN:CREATE_REMINDER, IN:REPLY_MESSAGE]
reminder	How do I view all of my social engagement reminders?	[IN:HELP_REMINDER]
reminder	set up reminders to send emails  for sue's retirement party the 12th	[IN:CREATE_REMINDER, IN:SEND_MESSAGE, IN:GET_EVENT]
reminder	Set an alert that will remind me to email my coworkers about our new access code.	[IN:CREATE_REMINDER, IN:SEND_MESSAGE]
reminder	Remind me in 30 minutes to reply to my husband about tonight's dinner.	[IN:CREATE_REMINDER, IN:REPLY_MESSAGE, IN:GET_CONTACT, IN:GET_EVENT]
reminder	Cancel the reminder about dinner with my younger sister this Saturday night.	[IN:DELETE_REMINDER, IN:GET_TODO, IN:GET_CONTACT]
reminder	Remind me of the dinner date with my cousin Adeola	[IN:CREATE_REMINDER, IN:GET_TODO, IN:GET_CONTACT]
reminder	Remind me to email Susanne about the party on Saturday.	[IN:CREATE_REMINDER, IN:SEND_MESSAGE, IN:GET_EVENT]
reminder	Remind me to email Market Research LTD about non-payment.	[IN:CREATE_REMINDER, IN:SEND_MESSAGE]
reminder	Add Liz to the birthday reminder list for Sarah's surprise party	[IN:UPDATE_REMINDER]
reminder	remind me to reply to uncle bens email on sunday	[IN:CREATE_REMINDER, IN:REPLY_MESSAGE, IN:GET_CONTACT]
reminder	Remind me to text mom the address to the party tonight.	[IN:CREATE_REMINDER, IN:SEND_MESSAGE, IN:GET_CONTACT, IN:GET_EVENT]
reminder	Show me how I can see all of my reminders	[IN:HELP_REMINDER]
reminder	how to see yesterday's reminder	[IN:HELP_REMINDER]
reminder	Remind me to reply to Justin's text message by Thursday and let him know that I won't be attending the graduation party.	[IN:CREATE_REMINDER, IN:GET_TODO, IN:REPLY_MESSAGE]
reminder	am i able to combine Ralph's and my reminders together?	[IN:HELP_REMINDER]
reminder	Is there a way to set a reminder for every day next week?	[IN:HELP_REMINDER]
reminder	remind me to answer Ken's email regarding the computers	[IN:CREATE_REMINDER, IN:REPLY_MESSAGE]
reminder	I need to reply to Billy about Sarah's baby shower; can you remind me in 3 days?	[IN:CREATE_REMINDER, IN:REPLY_MESSAGE, IN:GET_EVENT]
reminder	Remind me to reply to Bamby that we can meet up for dinner on Friday.	[IN:CREATE_REMINDER, IN:REPLY_MESSAGE]
reminder	Can you add Tony to coming to 4 pm meeting in my reminder	[IN:UPDATE_REMINDER]
reminder	Remind me to reply to my team's email by noon today.	[IN:CREATE_REMINDER, IN:REPLY_MESSAGE]
reminder	remind me to reply to Mike and tell him we can meet on Friday night	[IN:CREATE_REMINDER, IN:REPLY_MESSAGE]
reminder	Don't let me forget to reply to Sue's email; remind me on Thursday.	[IN:CREATE_REMINDER, IN:REPLY_MESSAGE]
reminder	Remind me to reply to Lyndy and tell her I can meet at Starbucks at 9:45 a.m.	[IN:CREATE_REMINDER, IN:REPLY_MESSAGE]
reminder	How do I remind Michelle about our Grand Canyon plans for November?	[IN:HELP_REMINDER]
reminder	Add to my doctor's appointment reminder my brother	[IN:UPDATE_REMINDER, IN:GET_CONTACT]
